email,username,image_url,password,bio,header_image_url,location
michael75@hotmail.com,jerry70,https://randomuser.me/api/portraits/men/84.jpg,$2b$12$Q1PUFjhN/AWRQ21LbGYvjeLpZZB6lfZ1BPwifHALGO6oIbyC3CmJe,Realize road hair nearly form.,https://neurotechx.github.io/studentclubs/images/unsplash_brooklyn-bridge_header.jpg,Jeremyland
rcruz@hotmail.com,kristen89,https://randomuser.me/api/portraits/men/17.jpg,$2b$12$Q1PUFjhN/AWRQ21LbGYvjeLpZZB6lfZ1BPwifHALGO6oIbyC3CmJe,Onto local sure PM.,https://www.mhe-sme.org/wp-content/uploads/2021/01/nature-header.png,Morrisonchester
qvaldez@bryant.com,matthewcross,https://randomuser.me/api/portraits/women/84.jpg,$2b$12$Q1PUFjhN/AWRQ21LbGYvjeLpZZB6lfZ1BPwifHALGO6oIbyC3CmJe,Lawyer human stuff simple tell.,https://pbs.twimg.com/media/CMwbm6nWgAACZ3T?format=jpg&name=900x900,North Todd
sscott@goodwin.biz,fsullivan,https://randomuser.me/api/portraits/women/78.jpg,$2b$12$Q1PUFjhN/AWRQ21LbGYvjeLpZZB6lfZ1BPwifHALGO6oIbyC3CmJe,Key another describe collection kind control fly.,https://www.freewebheaders.com/wp-content/gallery/mountains-snow/snow-mountains-blue-sky-and-lake-panoramic-web-header-.jpg,East Morganstad
sean76@clay.biz,hendersonsusan,https://randomuser.me/api/portraits/women/49.jpg,$2b$12$Q1PUFjhN/AWRQ21LbGYvjeLpZZB6lfZ1BPwifHALGO6oIbyC3CmJe,Fill artist director factor.,https://www.freewebheaders.com/wp-content/gallery/mountains-snow/snow-mountains-blue-sky-and-lake-panoramic-web-header-.jpg,South Jessica
woodkeith@hamilton-salazar.com,scottcheyenne,https://randomuser.me/api/portraits/men/1.jpg,$2b$12$Q1PUFjhN/AWRQ21LbGYvjeLpZZB6lfZ1BPwifHALGO6oIbyC3CmJe,Describe represent need yes soldier.,https://pbs.twimg.com/media/CMwbm6nWgAACZ3T?format=jpg&name=900x900,Port Matthew
xrobinson@yahoo.com,shannon48,https://randomuser.me/api/portraits/women/41.jpg,$2b$12$Q1PUFjhN/AWRQ21LbGYvjeLpZZB6lfZ1BPwifHALGO6oIbyC3CmJe,Red approach create our.,https://www.freewebheaders.com/wp-content/gallery/mountains-snow/snow-mountains-blue-sky-and-lake-panoramic-web-header-.jpg,Adamston
oyoung@gmail.com,edwardsrobin,https://randomuser.me/api/portraits/women/60.jpg,$2b$12$Q1PUFjhN/AWRQ21LbGYvjeLpZZB6lfZ1BPwifHALGO6oIbyC3CmJe,Public degree health always.,https://www.freewebheaders.com/wp-content/gallery/mountains-snow/snow-mountains-blue-sky-and-lake-panoramic-web-header-.jpg,West Davidside
lharris@hughes-lowery.com,garzabrittany,https://randomuser.me/api/portraits/women/47.jpg,$2b$12$Q1PUFjhN/AWRQ21LbGYvjeLpZZB6lfZ1BPwifHALGO6oIbyC3CmJe,Kitchen future face maintain.,https://forwardsummit.ca/wp-content/uploads/2018/10/plane-header.jpg,New Leslieshire
butlerkimberly@yahoo.com,stevenkerr,https://randomuser.me/api/portraits/men/34.jpg,$2b$12$Q1PUFjhN/AWRQ21LbGYvjeLpZZB6lfZ1BPwifHALGO6oIbyC3CmJe,Tough Republican traditional father best pay movement.,https://forwardsummit.ca/wp-content/uploads/2018/10/plane-header.jpg,New Sonia
penarobert@rodriguez.biz,brodriguez,https://randomuser.me/api/portraits/women/85.jpg,$2b$12$Q1PUFjhN/AWRQ21LbGYvjeLpZZB6lfZ1BPwifHALGO6oIbyC3CmJe,Increase life newspaper fly baby culture.,https://neurotechx.github.io/studentclubs/images/unsplash_brooklyn-bridge_header.jpg,Romanview
stephanieadams@hawkins.com,ovillegas,https://randomuser.me/api/portraits/men/89.jpg,$2b$12$Q1PUFjhN/AWRQ21LbGYvjeLpZZB6lfZ1BPwifHALGO6oIbyC3CmJe,Heavy hotel authority better.,https://www.holsby.org/wp-content/uploads/2016/06/nature-header.jpg,Mooretown
zchen@wright-morse.org,erica24,https://randomuser.me/api/portraits/men/9.jpg,$2b$12$Q1PUFjhN/AWRQ21LbGYvjeLpZZB6lfZ1BPwifHALGO6oIbyC3CmJe,System model American field more control address board.,https://pbs.twimg.com/media/CMwbm6nWgAACZ3T?format=jpg&name=900x900,Jimmyhaven
lanebrianna@yahoo.com,birwin,https://randomuser.me/api/portraits/women/7.jpg,$2b$12$Q1PUFjhN/AWRQ21LbGYvjeLpZZB6lfZ1BPwifHALGO6oIbyC3CmJe,Look red hit less.,https://forwardsummit.ca/wp-content/uploads/2018/10/plane-header.jpg,Lawrenceview
cnovak@taylor.net,kellyibarra,https://randomuser.me/api/portraits/lego/0.jpg,$2b$12$Q1PUFjhN/AWRQ21LbGYvjeLpZZB6lfZ1BPwifHALGO6oIbyC3CmJe,Level involve fill difference piece system natural.,https://neurotechx.github.io/studentclubs/images/unsplash_brooklyn-bridge_header.jpg,West Joshua
tayloredwards@gmail.com,warrenvictoria,https://randomuser.me/api/portraits/men/69.jpg,$2b$12$Q1PUFjhN/AWRQ21LbGYvjeLpZZB6lfZ1BPwifHALGO6oIbyC3CmJe,Standard maybe really get food.,https://www.holsby.org/wp-content/uploads/2016/06/nature-header.jpg,Kimfurt
blackburnalex@gmail.com,jscott,https://randomuser.me/api/portraits/men/7.jpg,$2b$12$Q1PUFjhN/AWRQ21LbGYvjeLpZZB6lfZ1BPwifHALGO6oIbyC3CmJe,Light on plant describe.,https://www.freewebheaders.com/wp-content/gallery/mountains-snow/snow-mountains-blue-sky-and-lake-panoramic-web-header-.jpg,Kimfurt
mblack@jones.com,wilsonbethany,https://randomuser.me/api/portraits/men/8.jpg,$2b$12$Q1PUFjhN/AWRQ21LbGYvjeLpZZB6lfZ1BPwifHALGO6oIbyC3CmJe,Class scientist price each by half way eye.,https://neurotechx.github.io/studentclubs/images/unsplash_brooklyn-bridge_header.jpg,Lake Danielle
michaelamiller@goodman-garrison.biz,karinawalker,https://randomuser.me/api/portraits/men/74.jpg,$2b$12$Q1PUFjhN/AWRQ21LbGYvjeLpZZB6lfZ1BPwifHALGO6oIbyC3CmJe,Easy support baby.,https://forwardsummit.ca/wp-content/uploads/2018/10/plane-header.jpg,North Alisonville
heatherleon@edwards.net,george10,https://randomuser.me/api/portraits/men/43.jpg,$2b$12$Q1PUFjhN/AWRQ21LbGYvjeLpZZB6lfZ1BPwifHALGO6oIbyC3CmJe,More glass tell receive long thus economic.,https://www.mhe-sme.org/wp-content/uploads/2021/01/nature-header.png,East Elizabeth
osmith@sweeney-hernandez.com,alicia72,https://randomuser.me/api/portraits/men/86.jpg,$2b$12$Q1PUFjhN/AWRQ21LbGYvjeLpZZB6lfZ1BPwifHALGO6oIbyC3CmJe,Analysis she green conference evidence leg already.,https://www.freewebheaders.com/wp-content/gallery/mountains-snow/snow-mountains-blue-sky-and-lake-panoramic-web-header-.jpg,Port Katieside
ywebb@brown.org,freychelsea,https://randomuser.me/api/portraits/women/39.jpg,$2b$12$Q1PUFjhN/AWRQ21LbGYvjeLpZZB6lfZ1BPwifHALGO6oIbyC3CmJe,Book heart friend than.,https://pbs.twimg.com/media/CMwbm6nWgAACZ3T?format=jpg&name=900x900,Virginiaview
millershane@huerta-pruitt.com,danielle58,https://randomuser.me/api/portraits/men/78.jpg,$2b$12$Q1PUFjhN/AWRQ21LbGYvjeLpZZB6lfZ1BPwifHALGO6oIbyC3CmJe,Wrong could with season.,https://forwardsummit.ca/wp-content/uploads/2018/10/plane-header.jpg,Christopherfort
hayesnathaniel@gmail.com,hernandeztimothy,https://randomuser.me/api/portraits/women/94.jpg,$2b$12$Q1PUFjhN/AWRQ21LbGYvjeLpZZB6lfZ1BPwifHALGO6oIbyC3CmJe,Watch practice relate issue measure develop girl.,https://www.mhe-sme.org/wp-content/uploads/2021/01/nature-header.png,Lake Sandra
allenruiz@gmail.com,webersandra,https://randomuser.me/api/portraits/men/15.jpg,$2b$12$Q1PUFjhN/AWRQ21LbGYvjeLpZZB6lfZ1BPwifHALGO6oIbyC3CmJe,Finally guess image seem able.,https://www.freewebheaders.com/wp-content/gallery/mountains-snow/snow-mountains-blue-sky-and-lake-panoramic-web-header-.jpg,West Stephanietown
nlynch@gmail.com,anthonyhines,https://randomuser.me/api/portraits/women/16.jpg,$2b$12$Q1PUFjhN/AWRQ21LbGYvjeLpZZB6lfZ1BPwifHALGO6oIbyC3CmJe,Parent middle for gun listen him activity.,https://forwardsummit.ca/wp-content/uploads/2018/10/plane-header.jpg,North Michael
ericmiles@gmail.com,lisaprince,https://randomuser.me/api/portraits/men/38.jpg,$2b$12$Q1PUFjhN/AWRQ21LbGYvjeLpZZB6lfZ1BPwifHALGO6oIbyC3CmJe,Nation happen science still onto blue.,https://www.mhe-sme.org/wp-content/uploads/2021/01/nature-header.png,West Aprilland
pmichael@rojas-rodriguez.com,woodsconnor,https://randomuser.me/api/portraits/lego/4.jpg,$2b$12$Q1PUFjhN/AWRQ21LbGYvjeLpZZB6lfZ1BPwifHALGO6oIbyC3CmJe,Design growth certain sort.,https://www.freewebheaders.com/wp-content/gallery/mountains-snow/snow-mountains-blue-sky-and-lake-panoramic-web-header-.jpg,Ashleymouth
greenmichael@yahoo.com,rrice,https://randomuser.me/api/portraits/men/97.jpg,$2b$12$Q1PUFjhN/AWRQ21LbGYvjeLpZZB6lfZ1BPwifHALGO6oIbyC3CmJe,Thus live president age scientist play.,https://neurotechx.github.io/studentclubs/images/unsplash_brooklyn-bridge_header.jpg,Khanchester
ccraig@ayala.net,corozco,https://randomuser.me/api/portraits/women/91.jpg,$2b$12$Q1PUFjhN/AWRQ21LbGYvjeLpZZB6lfZ1BPwifHALGO6oIbyC3CmJe,Western my arm effort should.,https://pbs.twimg.com/media/CMwbm6nWgAACZ3T?format=jpg&name=900x900,Carolton
christophermiller@espinoza-johnson.biz,brucelowery,https://randomuser.me/api/portraits/women/97.jpg,$2b$12$Q1PUFjhN/AWRQ21LbGYvjeLpZZB6lfZ1BPwifHALGO6oIbyC3CmJe,Never understand operation resource class.,https://pbs.twimg.com/media/CMwbm6nWgAACZ3T?format=jpg&name=900x900,New Philip
xprice@gmail.com,allisoncarl,https://randomuser.me/api/portraits/women/76.jpg,$2b$12$Q1PUFjhN/AWRQ21LbGYvjeLpZZB6lfZ1BPwifHALGO6oIbyC3CmJe,Expert real lawyer item result.,https://pbs.twimg.com/media/CMwbm6nWgAACZ3T?format=jpg&name=900x900,Michaelport
yatkinson@gmail.com,zgonzales,https://randomuser.me/api/portraits/women/84.jpg,$2b$12$Q1PUFjhN/AWRQ21LbGYvjeLpZZB6lfZ1BPwifHALGO6oIbyC3CmJe,Upon yet threat science white.,https://forwardsummit.ca/wp-content/uploads/2018/10/plane-header.jpg,South Paulhaven
bonnierobertson@yahoo.com,russellamy,https://randomuser.me/api/portraits/women/7.jpg,$2b$12$Q1PUFjhN/AWRQ21LbGYvjeLpZZB6lfZ1BPwifHALGO6oIbyC3CmJe,Or history mean away table.,https://forwardsummit.ca/wp-content/uploads/2018/10/plane-header.jpg,Lake Stephen
bairdamanda@hardy-whitehead.info,ikane,https://randomuser.me/api/portraits/women/76.jpg,$2b$12$Q1PUFjhN/AWRQ21LbGYvjeLpZZB6lfZ1BPwifHALGO6oIbyC3CmJe,Believe often hot nothing machine until protect.,https://pbs.twimg.com/media/CMwbm6nWgAACZ3T?format=jpg&name=900x900,Karenchester
lopezmichelle@yahoo.com,lnguyen,https://randomuser.me/api/portraits/women/40.jpg,$2b$12$Q1PUFjhN/AWRQ21LbGYvjeLpZZB6lfZ1BPwifHALGO6oIbyC3CmJe,Both choose five note project.,https://forwardsummit.ca/wp-content/uploads/2018/10/plane-header.jpg,Wattston
aknight@nunez.biz,robertmartinez,https://randomuser.me/api/portraits/men/90.jpg,$2b$12$Q1PUFjhN/AWRQ21LbGYvjeLpZZB6lfZ1BPwifHALGO6oIbyC3CmJe,Level the letter quickly grow thus hand former.,https://neurotechx.github.io/studentclubs/images/unsplash_brooklyn-bridge_header.jpg,New Michael
donna38@gmail.com,frice,https://randomuser.me/api/portraits/lego/2.jpg,$2b$12$Q1PUFjhN/AWRQ21LbGYvjeLpZZB6lfZ1BPwifHALGO6oIbyC3CmJe,Measure evidence nice involve.,https://pbs.twimg.com/media/CMwbm6nWgAACZ3T?format=jpg&name=900x900,South Andrew
deanna75@brown.com,rduncan,https://randomuser.me/api/portraits/men/68.jpg,$2b$12$Q1PUFjhN/AWRQ21LbGYvjeLpZZB6lfZ1BPwifHALGO6oIbyC3CmJe,Again friend market order.,https://www.holsby.org/wp-content/uploads/2016/06/nature-header.jpg,Port Jenniferhaven
gbaker@yahoo.com,aaron96,https://randomuser.me/api/portraits/men/93.jpg,$2b$12$Q1PUFjhN/AWRQ21LbGYvjeLpZZB6lfZ1BPwifHALGO6oIbyC3CmJe,Senior member walk evidence street street check.,https://pbs.twimg.com/media/CMwbm6nWgAACZ3T?format=jpg&name=900x900,Brownfurt
ricepamela@hotmail.com,troyhayes,https://randomuser.me/api/portraits/men/55.jpg,$2b$12$Q1PUFjhN/AWRQ21LbGYvjeLpZZB6lfZ1BPwifHALGO6oIbyC3CmJe,Could special group shake find.,https://www.mhe-sme.org/wp-content/uploads/2021/01/nature-header.png,South Michelleville
torresjessica@gmail.com,priceelizabeth,https://randomuser.me/api/portraits/women/27.jpg,$2b$12$Q1PUFjhN/AWRQ21LbGYvjeLpZZB6lfZ1BPwifHALGO6oIbyC3CmJe,Finally interesting much argue become future trade.,https://forwardsummit.ca/wp-content/uploads/2018/10/plane-header.jpg,Meganstad
ebennett@choi-johnson.net,davidtownsend,https://randomuser.me/api/portraits/men/17.jpg,$2b$12$Q1PUFjhN/AWRQ21LbGYvjeLpZZB6lfZ1BPwifHALGO6oIbyC3CmJe,Pm style edge worry.,https://neurotechx.github.io/studentclubs/images/unsplash_brooklyn-bridge_header.jpg,Josephtown
janejennings@rodriguez-vaughn.net,willisroy,https://randomuser.me/api/portraits/men/24.jpg,$2b$12$Q1PUFjhN/AWRQ21LbGYvjeLpZZB6lfZ1BPwifHALGO6oIbyC3CmJe,Read participant raise prepare among so American.,https://pbs.twimg.com/media/CMwbm6nWgAACZ3T?format=jpg&name=900x900,Robertshire
michael53@clark.com,vickie14,https://randomuser.me/api/portraits/men/85.jpg,$2b$12$Q1PUFjhN/AWRQ21LbGYvjeLpZZB6lfZ1BPwifHALGO6oIbyC3CmJe,Season assume choose nice risk his little.,https://pbs.twimg.com/media/CMwbm6nWgAACZ3T?format=jpg&name=900x900,New Toddberg
gentryjessica@gmail.com,saravaughn,https://randomuser.me/api/portraits/women/94.jpg,$2b$12$Q1PUFjhN/AWRQ21LbGYvjeLpZZB6lfZ1BPwifHALGO6oIbyC3CmJe,Order level campaign during.,https://www.freewebheaders.com/wp-content/gallery/mountains-snow/snow-mountains-blue-sky-and-lake-panoramic-web-header-.jpg,Richardsonview
josephlucero@gmail.com,maxwelljessica,https://randomuser.me/api/portraits/men/6.jpg,$2b$12$Q1PUFjhN/AWRQ21LbGYvjeLpZZB6lfZ1BPwifHALGO6oIbyC3CmJe,Seem interview although specific.,https://neurotechx.github.io/studentclubs/images/unsplash_brooklyn-bridge_header.jpg,Owensside
imorrison@morse.info,peterskeith,https://randomuser.me/api/portraits/men/26.jpg,$2b$12$Q1PUFjhN/AWRQ21LbGYvjeLpZZB6lfZ1BPwifHALGO6oIbyC3CmJe,Bad world important successful these.,https://www.mhe-sme.org/wp-content/uploads/2021/01/nature-header.png,Salazarton
marshallscott@campbell.biz,tammy61,https://randomuser.me/api/portraits/men/83.jpg,$2b$12$Q1PUFjhN/AWRQ21LbGYvjeLpZZB6lfZ1BPwifHALGO6oIbyC3CmJe,Ahead indicate because.,https://pbs.twimg.com/media/CMwbm6nWgAACZ3T?format=jpg&name=900x900,North Kathyview
amanda75@rivera-oliver.com,ashleyhernandez,https://randomuser.me/api/portraits/men/74.jpg,$2b$12$Q1PUFjhN/AWRQ21LbGYvjeLpZZB6lfZ1BPwifHALGO6oIbyC3CmJe,Simple dog environmental.,https://www.freewebheaders.com/wp-content/gallery/mountains-snow/snow-mountains-blue-sky-and-lake-panoramic-web-header-.jpg,East Jeffrey
robertsonoscar@barker.org,dylan70,https://randomuser.me/api/portraits/men/62.jpg,$2b$12$Q1PUFjhN/AWRQ21LbGYvjeLpZZB6lfZ1BPwifHALGO6oIbyC3CmJe,Site think decision even cultural official five.,https://www.mhe-sme.org/wp-content/uploads/2021/01/nature-header.png,Port Tinaton
tjones@hotmail.com,peterfoster,https://randomuser.me/api/portraits/men/97.jpg,$2b$12$Q1PUFjhN/AWRQ21LbGYvjeLpZZB6lfZ1BPwifHALGO6oIbyC3CmJe,Face whose camera toward while sister.,https://pbs.twimg.com/media/CMwbm6nWgAACZ3T?format=jpg&name=900x900,South Catherine
deborah60@barnett.com,angelajones,https://randomuser.me/api/portraits/men/45.jpg,$2b$12$Q1PUFjhN/AWRQ21LbGYvjeLpZZB6lfZ1BPwifHALGO6oIbyC3CmJe,Why draw trouble.,https://forwardsummit.ca/wp-content/uploads/2018/10/plane-header.jpg,Mooreview
mcolon@yahoo.com,amandahoward,https://randomuser.me/api/portraits/men/78.jpg,$2b$12$Q1PUFjhN/AWRQ21LbGYvjeLpZZB6lfZ1BPwifHALGO6oIbyC3CmJe,Sound prepare guess network result enough such in.,https://forwardsummit.ca/wp-content/uploads/2018/10/plane-header.jpg,Summersside
cummingsjoshua@gmail.com,aproctor,https://randomuser.me/api/portraits/men/62.jpg,$2b$12$Q1PUFjhN/AWRQ21LbGYvjeLpZZB6lfZ1BPwifHALGO6oIbyC3CmJe,Can agreement send detail simple.,https://www.freewebheaders.com/wp-content/gallery/mountains-snow/snow-mountains-blue-sky-and-lake-panoramic-web-header-.jpg,Thompsonfurt
dustinbaker@gmail.com,smithbarbara,https://randomuser.me/api/portraits/women/29.jpg,$2b$12$Q1PUFjhN/AWRQ21LbGYvjeLpZZB6lfZ1BPwifHALGO6oIbyC3CmJe,Simply marriage spend tell result Democrat share onto.,https://www.freewebheaders.com/wp-content/gallery/mountains-snow/snow-mountains-blue-sky-and-lake-panoramic-web-header-.jpg,Thomaschester
samuel05@russo.com,heathermathews,https://randomuser.me/api/portraits/lego/0.jpg,$2b$12$Q1PUFjhN/AWRQ21LbGYvjeLpZZB6lfZ1BPwifHALGO6oIbyC3CmJe,Church who reduce like job magazine surface.,https://www.holsby.org/wp-content/uploads/2016/06/nature-header.jpg,New Matthew
ebaldwin@schmidt.com,heather52,https://randomuser.me/api/portraits/men/60.jpg,$2b$12$Q1PUFjhN/AWRQ21LbGYvjeLpZZB6lfZ1BPwifHALGO6oIbyC3CmJe,Address write customer.,https://neurotechx.github.io/studentclubs/images/unsplash_brooklyn-bridge_header.jpg,South Cynthiamouth
brian60@gmail.com,richard31,https://randomuser.me/api/portraits/women/34.jpg,$2b$12$Q1PUFjhN/AWRQ21LbGYvjeLpZZB6lfZ1BPwifHALGO6oIbyC3CmJe,Others record technology along learn professional.,https://www.freewebheaders.com/wp-content/gallery/mountains-snow/snow-mountains-blue-sky-and-lake-panoramic-web-header-.jpg,Valeriehaven
deanwilliam@brown.com,burnsjeffrey,https://randomuser.me/api/portraits/women/56.jpg,$2b$12$Q1PUFjhN/AWRQ21LbGYvjeLpZZB6lfZ1BPwifHALGO6oIbyC3CmJe,Laugh political truth collection.,https://pbs.twimg.com/media/CMwbm6nWgAACZ3T?format=jpg&name=900x900,Port Jaimefort
perezalicia@aguilar.org,john29,https://randomuser.me/api/portraits/women/94.jpg,$2b$12$Q1PUFjhN/AWRQ21LbGYvjeLpZZB6lfZ1BPwifHALGO6oIbyC3CmJe,Side wonder sport woman study sense.,https://www.freewebheaders.com/wp-content/gallery/mountains-snow/snow-mountains-blue-sky-and-lake-panoramic-web-header-.jpg,Laurenfurt
christopherlowe@johnson.com,pcruz,https://randomuser.me/api/portraits/men/74.jpg,$2b$12$Q1PUFjhN/AWRQ21LbGYvjeLpZZB6lfZ1BPwifHALGO6oIbyC3CmJe,Plan sport computer economy ahead way deep.,https://www.holsby.org/wp-content/uploads/2016/06/nature-header.jpg,Jonchester
jillianparker@williams.org,rosarioshannon,https://randomuser.me/api/portraits/women/38.jpg,$2b$12$Q1PUFjhN/AWRQ21LbGYvjeLpZZB6lfZ1BPwifHALGO6oIbyC3CmJe,Head fund begin stay seek.,https://pbs.twimg.com/media/CMwbm6nWgAACZ3T?format=jpg&name=900x900,West Jessebury
jacksonlinda@gmail.com,mclaughlinkrista,https://randomuser.me/api/portraits/men/81.jpg,$2b$12$Q1PUFjhN/AWRQ21LbGYvjeLpZZB6lfZ1BPwifHALGO6oIbyC3CmJe,Chair position industry whether very according indicate.,https://www.holsby.org/wp-content/uploads/2016/06/nature-header.jpg,Port Marychester
jessica22@hotmail.com,ebell,https://randomuser.me/api/portraits/women/82.jpg,$2b$12$Q1PUFjhN/AWRQ21LbGYvjeLpZZB6lfZ1BPwifHALGO6oIbyC3CmJe,Admit common subject compare shake air.,https://forwardsummit.ca/wp-content/uploads/2018/10/plane-header.jpg,New Maria
caldwelljessica@yahoo.com,theresa83,https://randomuser.me/api/portraits/women/38.jpg,$2b$12$Q1PUFjhN/AWRQ21LbGYvjeLpZZB6lfZ1BPwifHALGO6oIbyC3CmJe,Act true service plan reason parent particular subject.,https://www.mhe-sme.org/wp-content/uploads/2021/01/nature-header.png,Wendybury
alex54@hotmail.com,estewart,https://randomuser.me/api/portraits/women/23.jpg,$2b$12$Q1PUFjhN/AWRQ21LbGYvjeLpZZB6lfZ1BPwifHALGO6oIbyC3CmJe,Bad across keep necessary term.,https://www.holsby.org/wp-content/uploads/2016/06/nature-header.jpg,Darrenmouth
oroberts@white-mitchell.info,hilljennifer,https://randomuser.me/api/portraits/women/72.jpg,$2b$12$Q1PUFjhN/AWRQ21LbGYvjeLpZZB6lfZ1BPwifHALGO6oIbyC3CmJe,Candidate leg because majority population though.,https://www.mhe-sme.org/wp-content/uploads/2021/01/nature-header.png,South Sheri
dmcintosh@crawford-meyers.com,coleerika,https://randomuser.me/api/portraits/men/40.jpg,$2b$12$Q1PUFjhN/AWRQ21LbGYvjeLpZZB6lfZ1BPwifHALGO6oIbyC3CmJe,Event method friend interesting.,https://www.holsby.org/wp-content/uploads/2016/06/nature-header.jpg,Andersonfort
epadilla@gmail.com,edwardarnold,https://randomuser.me/api/portraits/women/24.jpg,$2b$12$Q1PUFjhN/AWRQ21LbGYvjeLpZZB6lfZ1BPwifHALGO6oIbyC3CmJe,Source upon car hard loss kind.,https://www.freewebheaders.com/wp-content/gallery/mountains-snow/snow-mountains-blue-sky-and-lake-panoramic-web-header-.jpg,Garrettmouth
david21@hotmail.com,fletchermichael,https://randomuser.me/api/portraits/men/77.jpg,$2b$12$Q1PUFjhN/AWRQ21LbGYvjeLpZZB6lfZ1BPwifHALGO6oIbyC3CmJe,Particular audience standard professional cut third that.,https://www.mhe-sme.org/wp-content/uploads/2021/01/nature-header.png,West Christopher
tayloramber@lee.com,rachaelturner,https://randomuser.me/api/portraits/lego/2.jpg,$2b$12$Q1PUFjhN/AWRQ21LbGYvjeLpZZB6lfZ1BPwifHALGO6oIbyC3CmJe,Production single throw glass claim concern.,https://www.freewebheaders.com/wp-content/gallery/mountains-snow/snow-mountains-blue-sky-and-lake-panoramic-web-header-.jpg,Lynchfurt
mbuckley@howell-flynn.net,yschwartz,https://randomuser.me/api/portraits/women/78.jpg,$2b$12$Q1PUFjhN/AWRQ21LbGYvjeLpZZB6lfZ1BPwifHALGO6oIbyC3CmJe,Expert year receive truth author.,https://pbs.twimg.com/media/CMwbm6nWgAACZ3T?format=jpg&name=900x900,Port Benjamin
mistylewis@crawford-klein.org,johnsalazar,https://randomuser.me/api/portraits/men/76.jpg,$2b$12$Q1PUFjhN/AWRQ21LbGYvjeLpZZB6lfZ1BPwifHALGO6oIbyC3CmJe,Term mouth form attack task.,https://www.holsby.org/wp-content/uploads/2016/06/nature-header.jpg,Port Andrewland
michaelthompson@mccarthy.net,anna42,https://randomuser.me/api/portraits/men/63.jpg,$2b$12$Q1PUFjhN/AWRQ21LbGYvjeLpZZB6lfZ1BPwifHALGO6oIbyC3CmJe,Factor Congress ok later large tough.,https://pbs.twimg.com/media/CMwbm6nWgAACZ3T?format=jpg&name=900x900,Port Jonathan
robin41@heath-lopez.info,holdererin,https://randomuser.me/api/portraits/women/41.jpg,$2b$12$Q1PUFjhN/AWRQ21LbGYvjeLpZZB6lfZ1BPwifHALGO6oIbyC3CmJe,Wind standard second again.,https://www.freewebheaders.com/wp-content/gallery/mountains-snow/snow-mountains-blue-sky-and-lake-panoramic-web-header-.jpg,Davidhaven
lancejenkins@gmail.com,donald07,https://randomuser.me/api/portraits/women/43.jpg,$2b$12$Q1PUFjhN/AWRQ21LbGYvjeLpZZB6lfZ1BPwifHALGO6oIbyC3CmJe,Doctor face different about natural safe.,https://neurotechx.github.io/studentclubs/images/unsplash_brooklyn-bridge_header.jpg,New Kerrimouth
adam71@townsend.com,rachelgibson,https://randomuser.me/api/portraits/lego/0.jpg,$2b$12$Q1PUFjhN/AWRQ21LbGYvjeLpZZB6lfZ1BPwifHALGO6oIbyC3CmJe,Important her for truth east.,https://www.freewebheaders.com/wp-content/gallery/mountains-snow/snow-mountains-blue-sky-and-lake-panoramic-web-header-.jpg,Michaelborough
smithjennifer@yahoo.com,jeffery15,https://randomuser.me/api/portraits/men/22.jpg,$2b$12$Q1PUFjhN/AWRQ21LbGYvjeLpZZB6lfZ1BPwifHALGO6oIbyC3CmJe,Today response manager member attorney bit.,https://pbs.twimg.com/media/CMwbm6nWgAACZ3T?format=jpg&name=900x900,Josephfort
carlpowers@yahoo.com,parkerclements,https://randomuser.me/api/portraits/men/2.jpg,$2b$12$Q1PUFjhN/AWRQ21LbGYvjeLpZZB6lfZ1BPwifHALGO6oIbyC3CmJe,Short low live Democrat name face individual.,https://forwardsummit.ca/wp-content/uploads/2018/10/plane-header.jpg,Heatherberg
anthony39@rodgers-harris.com,ayersdorothy,https://randomuser.me/api/portraits/men/29.jpg,$2b$12$Q1PUFjhN/AWRQ21LbGYvjeLpZZB6lfZ1BPwifHALGO6oIbyC3CmJe,Answer yet design spend imagine whom guy.,https://forwardsummit.ca/wp-content/uploads/2018/10/plane-header.jpg,South Michaelfort
allenwilliam@hotmail.com,zalexander,https://randomuser.me/api/portraits/men/62.jpg,$2b$12$Q1PUFjhN/AWRQ21LbGYvjeLpZZB6lfZ1BPwifHALGO6oIbyC3CmJe,Record next realize out company build.,https://www.holsby.org/wp-content/uploads/2016/06/nature-header.jpg,West Lindseyfort
mallory72@banks-bautista.com,joseph97,https://randomuser.me/api/portraits/men/9.jpg,$2b$12$Q1PUFjhN/AWRQ21LbGYvjeLpZZB6lfZ1BPwifHALGO6oIbyC3CmJe,Plan them American anything article then.,https://pbs.twimg.com/media/CMwbm6nWgAACZ3T?format=jpg&name=900x900,Carolton
andrewmoore@yahoo.com,william84,https://randomuser.me/api/portraits/lego/6.jpg,$2b$12$Q1PUFjhN/AWRQ21LbGYvjeLpZZB6lfZ1BPwifHALGO6oIbyC3CmJe,Notice debate history operation less mention house offer.,https://www.mhe-sme.org/wp-content/uploads/2021/01/nature-header.png,North Johnmouth
lori94@howard.org,rroberts,https://randomuser.me/api/portraits/lego/0.jpg,$2b$12$Q1PUFjhN/AWRQ21LbGYvjeLpZZB6lfZ1BPwifHALGO6oIbyC3CmJe,Identify book environment often away city.,https://www.mhe-sme.org/wp-content/uploads/2021/01/nature-header.png,Port Amy
kyle23@hopkins.com,wyattjessica,https://randomuser.me/api/portraits/women/27.jpg,$2b$12$Q1PUFjhN/AWRQ21LbGYvjeLpZZB6lfZ1BPwifHALGO6oIbyC3CmJe,Ten sign fact mouth example alone.,https://www.mhe-sme.org/wp-content/uploads/2021/01/nature-header.png,South Jennifermouth
dawnhernandez@gmail.com,mzamora,https://randomuser.me/api/portraits/men/8.jpg,$2b$12$Q1PUFjhN/AWRQ21LbGYvjeLpZZB6lfZ1BPwifHALGO6oIbyC3CmJe,Expert serve wall identify window.,https://neurotechx.github.io/studentclubs/images/unsplash_brooklyn-bridge_header.jpg,New George
nicholasschultz@gmail.com,adam23,https://randomuser.me/api/portraits/men/90.jpg,$2b$12$Q1PUFjhN/AWRQ21LbGYvjeLpZZB6lfZ1BPwifHALGO6oIbyC3CmJe,Blue act hope officer.,https://www.mhe-sme.org/wp-content/uploads/2021/01/nature-header.png,East Savannahview
nicholsjason@hotmail.com,jensentracy,https://randomuser.me/api/portraits/men/32.jpg,$2b$12$Q1PUFjhN/AWRQ21LbGYvjeLpZZB6lfZ1BPwifHALGO6oIbyC3CmJe,Meeting whom whole.,https://www.freewebheaders.com/wp-content/gallery/mountains-snow/snow-mountains-blue-sky-and-lake-panoramic-web-header-.jpg,Graveschester
adampark@hotmail.com,lopezmarc,https://randomuser.me/api/portraits/men/76.jpg,$2b$12$Q1PUFjhN/AWRQ21LbGYvjeLpZZB6lfZ1BPwifHALGO6oIbyC3CmJe,Catch tell federal strong majority throw.,https://neurotechx.github.io/studentclubs/images/unsplash_brooklyn-bridge_header.jpg,Evanland
pottsryan@yahoo.com,jamieescobar,https://randomuser.me/api/portraits/men/40.jpg,$2b$12$Q1PUFjhN/AWRQ21LbGYvjeLpZZB6lfZ1BPwifHALGO6oIbyC3CmJe,Star follow common class building visit.,https://forwardsummit.ca/wp-content/uploads/2018/10/plane-header.jpg,Carrollshire
nicholasphillips@gmail.com,sandramorales,https://randomuser.me/api/portraits/men/17.jpg,$2b$12$Q1PUFjhN/AWRQ21LbGYvjeLpZZB6lfZ1BPwifHALGO6oIbyC3CmJe,General which yet red cell effect.,https://neurotechx.github.io/studentclubs/images/unsplash_brooklyn-bridge_header.jpg,North Angelicafort
colemonica@watson.biz,juliepayne,https://randomuser.me/api/portraits/women/22.jpg,$2b$12$Q1PUFjhN/AWRQ21LbGYvjeLpZZB6lfZ1BPwifHALGO6oIbyC3CmJe,Relate read bed yourself movie painting.,https://www.holsby.org/wp-content/uploads/2016/06/nature-header.jpg,Melissafort
mark49@wilson-barnes.info,diazkevin,https://randomuser.me/api/portraits/men/12.jpg,$2b$12$Q1PUFjhN/AWRQ21LbGYvjeLpZZB6lfZ1BPwifHALGO6oIbyC3CmJe,Country budget much way defense note involve.,https://neurotechx.github.io/studentclubs/images/unsplash_brooklyn-bridge_header.jpg,Johnsonmouth
xreid@molina-burke.com,kerryclark,https://randomuser.me/api/portraits/women/89.jpg,$2b$12$Q1PUFjhN/AWRQ21LbGYvjeLpZZB6lfZ1BPwifHALGO6oIbyC3CmJe,Gas fire better goal fund large case.,https://neurotechx.github.io/studentclubs/images/unsplash_brooklyn-bridge_header.jpg,Lake Samanthatown
wellstiffany@hotmail.com,lisa10,https://randomuser.me/api/portraits/men/71.jpg,$2b$12$Q1PUFjhN/AWRQ21LbGYvjeLpZZB6lfZ1BPwifHALGO6oIbyC3CmJe,Manage analysis how a.,https://neurotechx.github.io/studentclubs/images/unsplash_brooklyn-bridge_header.jpg,East Justinland
tracymcmahon@yahoo.com,hguerra,https://randomuser.me/api/portraits/men/24.jpg,$2b$12$Q1PUFjhN/AWRQ21LbGYvjeLpZZB6lfZ1BPwifHALGO6oIbyC3CmJe,Staff head three claim.,https://www.holsby.org/wp-content/uploads/2016/06/nature-header.jpg,Shawnton
amanda25@ortiz.com,cthompson,https://randomuser.me/api/portraits/women/14.jpg,$2b$12$Q1PUFjhN/AWRQ21LbGYvjeLpZZB6lfZ1BPwifHALGO6oIbyC3CmJe,Night all else message from.,https://pbs.twimg.com/media/CMwbm6nWgAACZ3T?format=jpg&name=900x900,Kellyview
timothyrobertson@hinton.com,pramsey,https://randomuser.me/api/portraits/women/59.jpg,$2b$12$Q1PUFjhN/AWRQ21LbGYvjeLpZZB6lfZ1BPwifHALGO6oIbyC3CmJe,Religious professional line itself already.,https://www.freewebheaders.com/wp-content/gallery/mountains-snow/snow-mountains-blue-sky-and-lake-panoramic-web-header-.jpg,Crystalhaven
shellyhill@simmons.com,rmahoney,https://randomuser.me/api/portraits/women/90.jpg,$2b$12$Q1PUFjhN/AWRQ21LbGYvjeLpZZB6lfZ1BPwifHALGO6oIbyC3CmJe,Senior Mrs one.,https://www.holsby.org/wp-content/uploads/2016/06/nature-header.jpg,Williamsbury
tfuller@yahoo.com,daniel86,https://randomuser.me/api/portraits/women/25.jpg,$2b$12$Q1PUFjhN/AWRQ21LbGYvjeLpZZB6lfZ1BPwifHALGO6oIbyC3CmJe,Amount foot structure sound defense choose name.,https://www.holsby.org/wp-content/uploads/2016/06/nature-header.jpg,New Patrickfort
fdavid@garcia.net,thomasmichael,https://randomuser.me/api/portraits/men/33.jpg,$2b$12$Q1PUFjhN/AWRQ21LbGYvjeLpZZB6lfZ1BPwifHALGO6oIbyC3CmJe,Scientist begin boy adult most stay.,https://www.holsby.org/wp-content/uploads/2016/06/nature-header.jpg,North Connormouth
markporter@yahoo.com,mendozavictoria,https://randomuser.me/api/portraits/women/90.jpg,$2b$12$Q1PUFjhN/AWRQ21LbGYvjeLpZZB6lfZ1BPwifHALGO6oIbyC3CmJe,Series but fact fact baby room.,https://www.holsby.org/wp-content/uploads/2016/06/nature-header.jpg,Fullerhaven
rachelcole@hotmail.com,lawrencesophia,https://randomuser.me/api/portraits/men/20.jpg,$2b$12$Q1PUFjhN/AWRQ21LbGYvjeLpZZB6lfZ1BPwifHALGO6oIbyC3CmJe,Measure magazine behavior claim within.,https://www.mhe-sme.org/wp-content/uploads/2021/01/nature-header.png,Smithport
rachelnewman@yahoo.com,charlesbaker,https://randomuser.me/api/portraits/women/73.jpg,$2b$12$Q1PUFjhN/AWRQ21LbGYvjeLpZZB6lfZ1BPwifHALGO6oIbyC3CmJe,Occur rock cold rich.,https://www.holsby.org/wp-content/uploads/2016/06/nature-header.jpg,West Coryburgh
lopezrobert@yahoo.com,sandra41,https://randomuser.me/api/portraits/women/31.jpg,$2b$12$Q1PUFjhN/AWRQ21LbGYvjeLpZZB6lfZ1BPwifHALGO6oIbyC3CmJe,East collection call defense usually interesting.,https://www.mhe-sme.org/wp-content/uploads/2021/01/nature-header.png,North Jamesmouth
nicolekelley@hotmail.com,andersonapril,https://randomuser.me/api/portraits/men/93.jpg,$2b$12$Q1PUFjhN/AWRQ21LbGYvjeLpZZB6lfZ1BPwifHALGO6oIbyC3CmJe,Five ever meet letter address couple.,https://www.holsby.org/wp-content/uploads/2016/06/nature-header.jpg,Jacobchester
albertlopez@gmail.com,myerserin,https://randomuser.me/api/portraits/men/49.jpg,$2b$12$Q1PUFjhN/AWRQ21LbGYvjeLpZZB6lfZ1BPwifHALGO6oIbyC3CmJe,Never statement official network agent why.,https://pbs.twimg.com/media/CMwbm6nWgAACZ3T?format=jpg&name=900x900,East Glennfurt
josephmyers@wolfe-bell.net,kingcheryl,https://randomuser.me/api/portraits/women/84.jpg,$2b$12$Q1PUFjhN/AWRQ21LbGYvjeLpZZB6lfZ1BPwifHALGO6oIbyC3CmJe,Position model pretty management among finally give.,https://www.mhe-sme.org/wp-content/uploads/2021/01/nature-header.png,Elizabethport
nscott@yahoo.com,susan63,https://randomuser.me/api/portraits/men/2.jpg,$2b$12$Q1PUFjhN/AWRQ21LbGYvjeLpZZB6lfZ1BPwifHALGO6oIbyC3CmJe,Thousand require nature model reach toward.,https://forwardsummit.ca/wp-content/uploads/2018/10/plane-header.jpg,East Brandiville
jacobhill@hernandez-holder.com,qfriedman,https://randomuser.me/api/portraits/women/24.jpg,$2b$12$Q1PUFjhN/AWRQ21LbGYvjeLpZZB6lfZ1BPwifHALGO6oIbyC3CmJe,Expert able study matter summer ability.,https://www.freewebheaders.com/wp-content/gallery/mountains-snow/snow-mountains-blue-sky-and-lake-panoramic-web-header-.jpg,Lake Erika
isaactravis@hotmail.com,brownchristina,https://randomuser.me/api/portraits/men/94.jpg,$2b$12$Q1PUFjhN/AWRQ21LbGYvjeLpZZB6lfZ1BPwifHALGO6oIbyC3CmJe,Financial safe sing ten.,https://forwardsummit.ca/wp-content/uploads/2018/10/plane-header.jpg,Thomasfort
bowens@gmail.com,jmartin,https://randomuser.me/api/portraits/men/6.jpg,$2b$12$Q1PUFjhN/AWRQ21LbGYvjeLpZZB6lfZ1BPwifHALGO6oIbyC3CmJe,Military none maybe agree stay window.,https://forwardsummit.ca/wp-content/uploads/2018/10/plane-header.jpg,East Elizabeth
elizabethbartlett@gmail.com,ericacrosby,https://randomuser.me/api/portraits/men/61.jpg,$2b$12$Q1PUFjhN/AWRQ21LbGYvjeLpZZB6lfZ1BPwifHALGO6oIbyC3CmJe,Item attack imagine.,https://www.mhe-sme.org/wp-content/uploads/2021/01/nature-header.png,North Christine
isalas@gmail.com,courtney28,https://randomuser.me/api/portraits/men/86.jpg,$2b$12$Q1PUFjhN/AWRQ21LbGYvjeLpZZB6lfZ1BPwifHALGO6oIbyC3CmJe,Though sense side fund power sing position.,https://www.holsby.org/wp-content/uploads/2016/06/nature-header.jpg,Brooksland
martinruth@donaldson.com,nnelson,https://randomuser.me/api/portraits/men/17.jpg,$2b$12$Q1PUFjhN/AWRQ21LbGYvjeLpZZB6lfZ1BPwifHALGO6oIbyC3CmJe,Four late likely big bad baby ok.,https://www.holsby.org/wp-content/uploads/2016/06/nature-header.jpg,Stevenville
katiemoore@yahoo.com,mrichardson,https://randomuser.me/api/portraits/lego/9.jpg,$2b$12$Q1PUFjhN/AWRQ21LbGYvjeLpZZB6lfZ1BPwifHALGO6oIbyC3CmJe,Need minute player vote stock society.,https://pbs.twimg.com/media/CMwbm6nWgAACZ3T?format=jpg&name=900x900,Rodriguezborough
hannah66@perkins.info,milleradam,https://randomuser.me/api/portraits/women/13.jpg,$2b$12$Q1PUFjhN/AWRQ21LbGYvjeLpZZB6lfZ1BPwifHALGO6oIbyC3CmJe,Case little help whatever other such.,https://forwardsummit.ca/wp-content/uploads/2018/10/plane-header.jpg,North Kimberlymouth
vincent93@gmail.com,kevin41,https://randomuser.me/api/portraits/men/49.jpg,$2b$12$Q1PUFjhN/AWRQ21LbGYvjeLpZZB6lfZ1BPwifHALGO6oIbyC3CmJe,List fall training kitchen drop success.,https://pbs.twimg.com/media/CMwbm6nWgAACZ3T?format=jpg&name=900x900,Benjaminmouth
hansenmelinda@collins.com,iwilson,https://randomuser.me/api/portraits/women/63.jpg,$2b$12$Q1PUFjhN/AWRQ21LbGYvjeLpZZB6lfZ1BPwifHALGO6oIbyC3CmJe,Art toward create run.,https://www.mhe-sme.org/wp-content/uploads/2021/01/nature-header.png,Carlosmouth
andreabutler@patel.com,wduran,https://randomuser.me/api/portraits/men/39.jpg,$2b$12$Q1PUFjhN/AWRQ21LbGYvjeLpZZB6lfZ1BPwifHALGO6oIbyC3CmJe,Out consumer whether although painting trade.,https://www.freewebheaders.com/wp-content/gallery/mountains-snow/snow-mountains-blue-sky-and-lake-panoramic-web-header-.jpg,Mckeeview
kreynolds@johnson-cooper.com,sgarcia,https://randomuser.me/api/portraits/men/35.jpg,$2b$12$Q1PUFjhN/AWRQ21LbGYvjeLpZZB6lfZ1BPwifHALGO6oIbyC3CmJe,Surface something value theory describe economic accept.,https://forwardsummit.ca/wp-content/uploads/2018/10/plane-header.jpg,South Antonio
andersondenise@chen.info,nicole36,https://randomuser.me/api/portraits/women/9.jpg,$2b$12$Q1PUFjhN/AWRQ21LbGYvjeLpZZB6lfZ1BPwifHALGO6oIbyC3CmJe,Against son great.,https://neurotechx.github.io/studentclubs/images/unsplash_brooklyn-bridge_header.jpg,Lake Marthashire
davidlindsey@clark.info,hcarlson,https://randomuser.me/api/portraits/men/44.jpg,$2b$12$Q1PUFjhN/AWRQ21LbGYvjeLpZZB6lfZ1BPwifHALGO6oIbyC3CmJe,Guess rate bed news assume ok direction sound.,https://www.freewebheaders.com/wp-content/gallery/mountains-snow/snow-mountains-blue-sky-and-lake-panoramic-web-header-.jpg,Howardtown
powersdavid@yahoo.com,josephclark,https://randomuser.me/api/portraits/lego/4.jpg,$2b$12$Q1PUFjhN/AWRQ21LbGYvjeLpZZB6lfZ1BPwifHALGO6oIbyC3CmJe,Into set ask simple player reveal.,https://www.freewebheaders.com/wp-content/gallery/mountains-snow/snow-mountains-blue-sky-and-lake-panoramic-web-header-.jpg,Michaelton
mhoward@hotmail.com,fadams,https://randomuser.me/api/portraits/men/57.jpg,$2b$12$Q1PUFjhN/AWRQ21LbGYvjeLpZZB6lfZ1BPwifHALGO6oIbyC3CmJe,Hot wish continue argue money simply.,https://neurotechx.github.io/studentclubs/images/unsplash_brooklyn-bridge_header.jpg,West Jeremyborough
emily41@cantu-love.info,vstein,https://randomuser.me/api/portraits/women/15.jpg,$2b$12$Q1PUFjhN/AWRQ21LbGYvjeLpZZB6lfZ1BPwifHALGO6oIbyC3CmJe,Laugh poor market more a when.,https://forwardsummit.ca/wp-content/uploads/2018/10/plane-header.jpg,North Angela
htaylor@hotmail.com,clarkjodi,https://randomuser.me/api/portraits/women/53.jpg,$2b$12$Q1PUFjhN/AWRQ21LbGYvjeLpZZB6lfZ1BPwifHALGO6oIbyC3CmJe,Happen who music method.,https://neurotechx.github.io/studentclubs/images/unsplash_brooklyn-bridge_header.jpg,Pamelachester
waltersryan@walters.net,jeremy92,https://randomuser.me/api/portraits/men/9.jpg,$2b$12$Q1PUFjhN/AWRQ21LbGYvjeLpZZB6lfZ1BPwifHALGO6oIbyC3CmJe,Conference before effect lay.,https://www.holsby.org/wp-content/uploads/2016/06/nature-header.jpg,East Beverly
lindseyjustin@yahoo.com,swolfe,https://randomuser.me/api/portraits/women/42.jpg,$2b$12$Q1PUFjhN/AWRQ21LbGYvjeLpZZB6lfZ1BPwifHALGO6oIbyC3CmJe,Perform note above defense trip down.,https://www.holsby.org/wp-content/uploads/2016/06/nature-header.jpg,Justinchester
andrew93@gmail.com,jamesmccarthy,https://randomuser.me/api/portraits/women/75.jpg,$2b$12$Q1PUFjhN/AWRQ21LbGYvjeLpZZB6lfZ1BPwifHALGO6oIbyC3CmJe,Central paper agent hour lawyer move dark.,https://www.freewebheaders.com/wp-content/gallery/mountains-snow/snow-mountains-blue-sky-and-lake-panoramic-web-header-.jpg,Bradleyland
brownjames@frost-dixon.biz,uwade,https://randomuser.me/api/portraits/women/8.jpg,$2b$12$Q1PUFjhN/AWRQ21LbGYvjeLpZZB6lfZ1BPwifHALGO6oIbyC3CmJe,Forget series business adult star stand.,https://www.holsby.org/wp-content/uploads/2016/06/nature-header.jpg,Gracefort
lawrence34@yahoo.com,curtiscervantes,https://randomuser.me/api/portraits/women/5.jpg,$2b$12$Q1PUFjhN/AWRQ21LbGYvjeLpZZB6lfZ1BPwifHALGO6oIbyC3CmJe,Water enter thus stay war own.,https://www.mhe-sme.org/wp-content/uploads/2021/01/nature-header.png,Cooleyshire
scott83@brown.com,darin89,https://randomuser.me/api/portraits/women/34.jpg,$2b$12$Q1PUFjhN/AWRQ21LbGYvjeLpZZB6lfZ1BPwifHALGO6oIbyC3CmJe,Heavy front whose exactly character prove.,https://forwardsummit.ca/wp-content/uploads/2018/10/plane-header.jpg,Port Sandy
vramos@yahoo.com,harveyheather,https://randomuser.me/api/portraits/men/49.jpg,$2b$12$Q1PUFjhN/AWRQ21LbGYvjeLpZZB6lfZ1BPwifHALGO6oIbyC3CmJe,Really not wear trade.,https://forwardsummit.ca/wp-content/uploads/2018/10/plane-header.jpg,New Amy
mejialaura@gmail.com,hortonsteven,https://randomuser.me/api/portraits/women/14.jpg,$2b$12$Q1PUFjhN/AWRQ21LbGYvjeLpZZB6lfZ1BPwifHALGO6oIbyC3CmJe,Floor read road do up just thank worry.,https://www.mhe-sme.org/wp-content/uploads/2021/01/nature-header.png,Riverachester
grahamjonathan@hotmail.com,jennifer74,https://randomuser.me/api/portraits/lego/1.jpg,$2b$12$Q1PUFjhN/AWRQ21LbGYvjeLpZZB6lfZ1BPwifHALGO6oIbyC3CmJe,Benefit technology yes development method.,https://pbs.twimg.com/media/CMwbm6nWgAACZ3T?format=jpg&name=900x900,Lake David
garciadavid@hotmail.com,jacobbrown,https://randomuser.me/api/portraits/women/52.jpg,$2b$12$Q1PUFjhN/AWRQ21LbGYvjeLpZZB6lfZ1BPwifHALGO6oIbyC3CmJe,Administration lot major Congress recognize name.,https://www.mhe-sme.org/wp-content/uploads/2021/01/nature-header.png,Jeremystad
kimberly93@yahoo.com,michael83,https://randomuser.me/api/portraits/men/66.jpg,$2b$12$Q1PUFjhN/AWRQ21LbGYvjeLpZZB6lfZ1BPwifHALGO6oIbyC3CmJe,Commercial reduce imagine above scientist attack.,https://www.freewebheaders.com/wp-content/gallery/mountains-snow/snow-mountains-blue-sky-and-lake-panoramic-web-header-.jpg,South Vanessamouth
zward@hotmail.com,marcus50,https://randomuser.me/api/portraits/women/92.jpg,$2b$12$Q1PUFjhN/AWRQ21LbGYvjeLpZZB6lfZ1BPwifHALGO6oIbyC3CmJe,Dream on tonight factor task history ready open.,https://www.holsby.org/wp-content/uploads/2016/06/nature-header.jpg,North Hollyview
carpenteralisha@padilla.biz,howardsandra,https://randomuser.me/api/portraits/men/60.jpg,$2b$12$Q1PUFjhN/AWRQ21LbGYvjeLpZZB6lfZ1BPwifHALGO6oIbyC3CmJe,Prove shoulder follow.,https://www.holsby.org/wp-content/uploads/2016/06/nature-header.jpg,Lake Matthewburgh
matthewwilson@warner-ramirez.com,chadcampbell,https://randomuser.me/api/portraits/men/22.jpg,$2b$12$Q1PUFjhN/AWRQ21LbGYvjeLpZZB6lfZ1BPwifHALGO6oIbyC3CmJe,Human feel protect.,https://www.holsby.org/wp-content/uploads/2016/06/nature-header.jpg,New Sara
ryan43@hotmail.com,stevenphillips,https://randomuser.me/api/portraits/men/79.jpg,$2b$12$Q1PUFjhN/AWRQ21LbGYvjeLpZZB6lfZ1BPwifHALGO6oIbyC3CmJe,Note statement beautiful serve financial so.,https://www.holsby.org/wp-content/uploads/2016/06/nature-header.jpg,Kingchester
adaugherty@morales.com,mmitchell,https://randomuser.me/api/portraits/women/75.jpg,$2b$12$Q1PUFjhN/AWRQ21LbGYvjeLpZZB6lfZ1BPwifHALGO6oIbyC3CmJe,Occur edge quite whom myself light item peace.,https://forwardsummit.ca/wp-content/uploads/2018/10/plane-header.jpg,West Christopherbury
wayne31@gmail.com,paula04,https://randomuser.me/api/portraits/men/31.jpg,$2b$12$Q1PUFjhN/AWRQ21LbGYvjeLpZZB6lfZ1BPwifHALGO6oIbyC3CmJe,Budget dog wide mother recently consumer even.,https://pbs.twimg.com/media/CMwbm6nWgAACZ3T?format=jpg&name=900x900,Angelahaven
stevensnatalie@gmail.com,jenkinsamber,https://randomuser.me/api/portraits/men/4.jpg,$2b$12$Q1PUFjhN/AWRQ21LbGYvjeLpZZB6lfZ1BPwifHALGO6oIbyC3CmJe,Wife thank study painting indeed trouble meet.,https://pbs.twimg.com/media/CMwbm6nWgAACZ3T?format=jpg&name=900x900,Kimton
lphelps@cook.com,nellis,https://randomuser.me/api/portraits/women/38.jpg,$2b$12$Q1PUFjhN/AWRQ21LbGYvjeLpZZB6lfZ1BPwifHALGO6oIbyC3CmJe,People a adult.,https://forwardsummit.ca/wp-content/uploads/2018/10/plane-header.jpg,North Robinview
molly40@wong.net,gonzaleskayla,https://randomuser.me/api/portraits/men/98.jpg,$2b$12$Q1PUFjhN/AWRQ21LbGYvjeLpZZB6lfZ1BPwifHALGO6oIbyC3CmJe,Site image most reality civil.,https://www.mhe-sme.org/wp-content/uploads/2021/01/nature-header.png,New Haroldhaven
kylestrickland@williams.info,ellisdavid,https://randomuser.me/api/portraits/lego/5.jpg,$2b$12$Q1PUFjhN/AWRQ21LbGYvjeLpZZB6lfZ1BPwifHALGO6oIbyC3CmJe,Soon floor president recently provide economy choice.,https://www.freewebheaders.com/wp-content/gallery/mountains-snow/snow-mountains-blue-sky-and-lake-panoramic-web-header-.jpg,West Steven
carriethomas@yahoo.com,joel04,https://randomuser.me/api/portraits/lego/4.jpg,$2b$12$Q1PUFjhN/AWRQ21LbGYvjeLpZZB6lfZ1BPwifHALGO6oIbyC3CmJe,Pretty team power until treat.,https://www.freewebheaders.com/wp-content/gallery/mountains-snow/snow-mountains-blue-sky-and-lake-panoramic-web-header-.jpg,Foleyport
hherman@santos.com,jeremy52,https://randomuser.me/api/portraits/men/96.jpg,$2b$12$Q1PUFjhN/AWRQ21LbGYvjeLpZZB6lfZ1BPwifHALGO6oIbyC3CmJe,Realize whose scientist again financial tax air.,https://neurotechx.github.io/studentclubs/images/unsplash_brooklyn-bridge_header.jpg,Reginahaven
sodom@wood.info,smiller,https://randomuser.me/api/portraits/women/40.jpg,$2b$12$Q1PUFjhN/AWRQ21LbGYvjeLpZZB6lfZ1BPwifHALGO6oIbyC3CmJe,Never thought data election force your.,https://forwardsummit.ca/wp-content/uploads/2018/10/plane-header.jpg,North Colinburgh
david67@yahoo.com,cherryalexander,https://randomuser.me/api/portraits/women/1.jpg,$2b$12$Q1PUFjhN/AWRQ21LbGYvjeLpZZB6lfZ1BPwifHALGO6oIbyC3CmJe,Skill crime magazine shoulder pick economy than realize.,https://forwardsummit.ca/wp-content/uploads/2018/10/plane-header.jpg,Rodriguezbury
derek95@wilson.com,yarnold,https://randomuser.me/api/portraits/men/21.jpg,$2b$12$Q1PUFjhN/AWRQ21LbGYvjeLpZZB6lfZ1BPwifHALGO6oIbyC3CmJe,Major commercial up yourself.,https://www.holsby.org/wp-content/uploads/2016/06/nature-header.jpg,Kevinville
elizabethritter@brown.com,anne65,https://randomuser.me/api/portraits/women/18.jpg,$2b$12$Q1PUFjhN/AWRQ21LbGYvjeLpZZB6lfZ1BPwifHALGO6oIbyC3CmJe,School last management suggest.,https://pbs.twimg.com/media/CMwbm6nWgAACZ3T?format=jpg&name=900x900,West Jennifer
bankslynn@gmail.com,dlawson,https://randomuser.me/api/portraits/men/84.jpg,$2b$12$Q1PUFjhN/AWRQ21LbGYvjeLpZZB6lfZ1BPwifHALGO6oIbyC3CmJe,Enter article she development.,https://pbs.twimg.com/media/CMwbm6nWgAACZ3T?format=jpg&name=900x900,Steventown
melinda28@blackwell-williams.com,jennifer17,https://randomuser.me/api/portraits/women/37.jpg,$2b$12$Q1PUFjhN/AWRQ21LbGYvjeLpZZB6lfZ1BPwifHALGO6oIbyC3CmJe,Add plan remain season.,https://www.holsby.org/wp-content/uploads/2016/06/nature-header.jpg,Ronaldchester
garciajacob@evans-taylor.net,gleblanc,https://randomuser.me/api/portraits/lego/6.jpg,$2b$12$Q1PUFjhN/AWRQ21LbGYvjeLpZZB6lfZ1BPwifHALGO6oIbyC3CmJe,Free region guy trade take season.,https://www.mhe-sme.org/wp-content/uploads/2021/01/nature-header.png,Lake Jonathanside
christopher85@allen.com,tknight,https://randomuser.me/api/portraits/lego/7.jpg,$2b$12$Q1PUFjhN/AWRQ21LbGYvjeLpZZB6lfZ1BPwifHALGO6oIbyC3CmJe,Without wear marriage idea firm itself debate themselves.,https://forwardsummit.ca/wp-content/uploads/2018/10/plane-header.jpg,Kaylamouth
qwilliamson@johnson-davenport.org,greengabriel,https://randomuser.me/api/portraits/men/65.jpg,$2b$12$Q1PUFjhN/AWRQ21LbGYvjeLpZZB6lfZ1BPwifHALGO6oIbyC3CmJe,Law design back rich have television.,https://www.freewebheaders.com/wp-content/gallery/mountains-snow/snow-mountains-blue-sky-and-lake-panoramic-web-header-.jpg,Colemouth
samantha11@johnson.com,murrayjoseph,https://randomuser.me/api/portraits/women/87.jpg,$2b$12$Q1PUFjhN/AWRQ21LbGYvjeLpZZB6lfZ1BPwifHALGO6oIbyC3CmJe,Key here for bed evening.,https://www.mhe-sme.org/wp-content/uploads/2021/01/nature-header.png,Port Laura
meyershannon@brown.com,jguzman,https://randomuser.me/api/portraits/men/84.jpg,$2b$12$Q1PUFjhN/AWRQ21LbGYvjeLpZZB6lfZ1BPwifHALGO6oIbyC3CmJe,Family dinner event laugh.,https://www.holsby.org/wp-content/uploads/2016/06/nature-header.jpg,Parkermouth
jordannichole@hotmail.com,melissahudson,https://randomuser.me/api/portraits/men/96.jpg,$2b$12$Q1PUFjhN/AWRQ21LbGYvjeLpZZB6lfZ1BPwifHALGO6oIbyC3CmJe,Gas fight science network any hard.,https://www.mhe-sme.org/wp-content/uploads/2021/01/nature-header.png,Lake Rebecca
vernon22@yahoo.com,gsimpson,https://randomuser.me/api/portraits/women/53.jpg,$2b$12$Q1PUFjhN/AWRQ21LbGYvjeLpZZB6lfZ1BPwifHALGO6oIbyC3CmJe,Matter material plant place list family.,https://www.mhe-sme.org/wp-content/uploads/2021/01/nature-header.png,Turnertown
thomasbond@yahoo.com,christinaturner,https://randomuser.me/api/portraits/women/83.jpg,$2b$12$Q1PUFjhN/AWRQ21LbGYvjeLpZZB6lfZ1BPwifHALGO6oIbyC3CmJe,Task decision population from power.,https://pbs.twimg.com/media/CMwbm6nWgAACZ3T?format=jpg&name=900x900,Powellburgh
crossjustin@williams.com,kendra95,https://randomuser.me/api/portraits/women/5.jpg,$2b$12$Q1PUFjhN/AWRQ21LbGYvjeLpZZB6lfZ1BPwifHALGO6oIbyC3CmJe,Lose sing society would.,https://pbs.twimg.com/media/CMwbm6nWgAACZ3T?format=jpg&name=900x900,Port Jodyhaven
heather97@gmail.com,scottheather,https://randomuser.me/api/portraits/lego/3.jpg,$2b$12$Q1PUFjhN/AWRQ21LbGYvjeLpZZB6lfZ1BPwifHALGO6oIbyC3CmJe,Rest child girl its off.,https://pbs.twimg.com/media/CMwbm6nWgAACZ3T?format=jpg&name=900x900,West Christinechester
jerry90@castaneda-jackson.biz,meganterry,https://randomuser.me/api/portraits/women/44.jpg,$2b$12$Q1PUFjhN/AWRQ21LbGYvjeLpZZB6lfZ1BPwifHALGO6oIbyC3CmJe,Sport threat always would that produce.,https://neurotechx.github.io/studentclubs/images/unsplash_brooklyn-bridge_header.jpg,Dawsonfort
john14@yahoo.com,jblevins,https://randomuser.me/api/portraits/men/66.jpg,$2b$12$Q1PUFjhN/AWRQ21LbGYvjeLpZZB6lfZ1BPwifHALGO6oIbyC3CmJe,Wait present phone yard.,https://neurotechx.github.io/studentclubs/images/unsplash_brooklyn-bridge_header.jpg,Sarafurt
powersmark@yahoo.com,davidmiller,https://randomuser.me/api/portraits/men/69.jpg,$2b$12$Q1PUFjhN/AWRQ21LbGYvjeLpZZB6lfZ1BPwifHALGO6oIbyC3CmJe,Change before police though structure Congress.,https://www.mhe-sme.org/wp-content/uploads/2021/01/nature-header.png,Port Devon
vchurch@gmail.com,edwardsheather,https://randomuser.me/api/portraits/women/85.jpg,$2b$12$Q1PUFjhN/AWRQ21LbGYvjeLpZZB6lfZ1BPwifHALGO6oIbyC3CmJe,Interesting bring nation.,https://www.holsby.org/wp-content/uploads/2016/06/nature-header.jpg,Davisfurt
brandonsolis@le.com,andrea27,https://randomuser.me/api/portraits/men/38.jpg,$2b$12$Q1PUFjhN/AWRQ21LbGYvjeLpZZB6lfZ1BPwifHALGO6oIbyC3CmJe,Project environmental their minute someone itself.,https://www.freewebheaders.com/wp-content/gallery/mountains-snow/snow-mountains-blue-sky-and-lake-panoramic-web-header-.jpg,East Daisy
john67@marsh.com,brandywilliams,https://randomuser.me/api/portraits/men/65.jpg,$2b$12$Q1PUFjhN/AWRQ21LbGYvjeLpZZB6lfZ1BPwifHALGO6oIbyC3CmJe,Table book behavior pressure throw school big.,https://pbs.twimg.com/media/CMwbm6nWgAACZ3T?format=jpg&name=900x900,Nathanton
keith73@gmail.com,emccarthy,https://randomuser.me/api/portraits/women/80.jpg,$2b$12$Q1PUFjhN/AWRQ21LbGYvjeLpZZB6lfZ1BPwifHALGO6oIbyC3CmJe,Difficult radio work on hospital environmental event.,https://neurotechx.github.io/studentclubs/images/unsplash_brooklyn-bridge_header.jpg,New Johnview
hbrown@gmail.com,martinblake,https://randomuser.me/api/portraits/men/9.jpg,$2b$12$Q1PUFjhN/AWRQ21LbGYvjeLpZZB6lfZ1BPwifHALGO6oIbyC3CmJe,Central too while senior yard.,https://www.holsby.org/wp-content/uploads/2016/06/nature-header.jpg,Jeremyfurt
lauren26@rios.info,xjackson,https://randomuser.me/api/portraits/men/64.jpg,$2b$12$Q1PUFjhN/AWRQ21LbGYvjeLpZZB6lfZ1BPwifHALGO6oIbyC3CmJe,Point weight break matter back avoid.,https://pbs.twimg.com/media/CMwbm6nWgAACZ3T?format=jpg&name=900x900,East Samanthabury
lfranklin@vega.com,sandra54,https://randomuser.me/api/portraits/women/62.jpg,$2b$12$Q1PUFjhN/AWRQ21LbGYvjeLpZZB6lfZ1BPwifHALGO6oIbyC3CmJe,Health author continue task bring like.,https://forwardsummit.ca/wp-content/uploads/2018/10/plane-header.jpg,Wallaceberg
bellamanda@carrillo.com,laura97,https://randomuser.me/api/portraits/women/63.jpg,$2b$12$Q1PUFjhN/AWRQ21LbGYvjeLpZZB6lfZ1BPwifHALGO6oIbyC3CmJe,Child pay hour she respond then central.,https://neurotechx.github.io/studentclubs/images/unsplash_brooklyn-bridge_header.jpg,Margarethaven
katherine82@hotmail.com,joneschristopher,https://randomuser.me/api/portraits/women/5.jpg,$2b$12$Q1PUFjhN/AWRQ21LbGYvjeLpZZB6lfZ1BPwifHALGO6oIbyC3CmJe,Officer pick without I quality control low.,https://www.holsby.org/wp-content/uploads/2016/06/nature-header.jpg,Petersonberg
arielsmith@valenzuela-wood.com,christopherbennett,https://randomuser.me/api/portraits/women/38.jpg,$2b$12$Q1PUFjhN/AWRQ21LbGYvjeLpZZB6lfZ1BPwifHALGO6oIbyC3CmJe,Since whether compare chair itself visit west.,https://www.holsby.org/wp-content/uploads/2016/06/nature-header.jpg,East Jonathanville
rodriguezbrandon@wilson-berry.com,jeangrant,https://randomuser.me/api/portraits/women/65.jpg,$2b$12$Q1PUFjhN/AWRQ21LbGYvjeLpZZB6lfZ1BPwifHALGO6oIbyC3CmJe,National then unit case.,https://pbs.twimg.com/media/CMwbm6nWgAACZ3T?format=jpg&name=900x900,Port Arthur
robertscarla@yahoo.com,csmith,https://randomuser.me/api/portraits/men/93.jpg,$2b$12$Q1PUFjhN/AWRQ21LbGYvjeLpZZB6lfZ1BPwifHALGO6oIbyC3CmJe,Kind significant hair course off father after.,https://www.holsby.org/wp-content/uploads/2016/06/nature-header.jpg,Crawfordhaven
suarezgary@gmail.com,stevensmegan,https://randomuser.me/api/portraits/women/77.jpg,$2b$12$Q1PUFjhN/AWRQ21LbGYvjeLpZZB6lfZ1BPwifHALGO6oIbyC3CmJe,Small require entire none north.,https://www.holsby.org/wp-content/uploads/2016/06/nature-header.jpg,Larryland
kevinwiley@gonzalez.com,asmith,https://randomuser.me/api/portraits/men/19.jpg,$2b$12$Q1PUFjhN/AWRQ21LbGYvjeLpZZB6lfZ1BPwifHALGO6oIbyC3CmJe,Strategy drive discover.,https://forwardsummit.ca/wp-content/uploads/2018/10/plane-header.jpg,East Kathleen
espinozaanna@yahoo.com,zcooper,https://randomuser.me/api/portraits/men/87.jpg,$2b$12$Q1PUFjhN/AWRQ21LbGYvjeLpZZB6lfZ1BPwifHALGO6oIbyC3CmJe,Growth little city both in happy.,https://www.freewebheaders.com/wp-content/gallery/mountains-snow/snow-mountains-blue-sky-and-lake-panoramic-web-header-.jpg,West Robinburgh
qwilliams@gmail.com,cassandraaguilar,https://randomuser.me/api/portraits/women/11.jpg,$2b$12$Q1PUFjhN/AWRQ21LbGYvjeLpZZB6lfZ1BPwifHALGO6oIbyC3CmJe,Control then nature clearly.,https://pbs.twimg.com/media/CMwbm6nWgAACZ3T?format=jpg&name=900x900,Lake Mitchell
whuff@conner-stewart.biz,laura02,https://randomuser.me/api/portraits/women/96.jpg,$2b$12$Q1PUFjhN/AWRQ21LbGYvjeLpZZB6lfZ1BPwifHALGO6oIbyC3CmJe,Tree purpose large prepare.,https://www.freewebheaders.com/wp-content/gallery/mountains-snow/snow-mountains-blue-sky-and-lake-panoramic-web-header-.jpg,Port Alan
ann85@gmail.com,phillipnichols,https://randomuser.me/api/portraits/women/1.jpg,$2b$12$Q1PUFjhN/AWRQ21LbGYvjeLpZZB6lfZ1BPwifHALGO6oIbyC3CmJe,Relate energy them tend field as perform.,https://pbs.twimg.com/media/CMwbm6nWgAACZ3T?format=jpg&name=900x900,Natalieside
kevin50@yahoo.com,wendy37,https://randomuser.me/api/portraits/women/32.jpg,$2b$12$Q1PUFjhN/AWRQ21LbGYvjeLpZZB6lfZ1BPwifHALGO6oIbyC3CmJe,Officer letter water author never PM.,https://forwardsummit.ca/wp-content/uploads/2018/10/plane-header.jpg,Reedmouth
anita82@yahoo.com,jennifer69,https://randomuser.me/api/portraits/men/55.jpg,$2b$12$Q1PUFjhN/AWRQ21LbGYvjeLpZZB6lfZ1BPwifHALGO6oIbyC3CmJe,Almost long hit rich unit audience experience.,https://www.mhe-sme.org/wp-content/uploads/2021/01/nature-header.png,Powellport
robertortiz@yahoo.com,raymond18,https://randomuser.me/api/portraits/men/7.jpg,$2b$12$Q1PUFjhN/AWRQ21LbGYvjeLpZZB6lfZ1BPwifHALGO6oIbyC3CmJe,Sport within follow structure environment international start ball.,https://www.mhe-sme.org/wp-content/uploads/2021/01/nature-header.png,Lake Carolyn
cbrewer@yahoo.com,navarromatthew,https://randomuser.me/api/portraits/women/1.jpg,$2b$12$Q1PUFjhN/AWRQ21LbGYvjeLpZZB6lfZ1BPwifHALGO6oIbyC3CmJe,Far customer kid everything.,https://pbs.twimg.com/media/CMwbm6nWgAACZ3T?format=jpg&name=900x900,Port Michael
fhayes@yahoo.com,tpreston,https://randomuser.me/api/portraits/women/91.jpg,$2b$12$Q1PUFjhN/AWRQ21LbGYvjeLpZZB6lfZ1BPwifHALGO6oIbyC3CmJe,Law bring study kid glass fight sing cell.,https://www.freewebheaders.com/wp-content/gallery/mountains-snow/snow-mountains-blue-sky-and-lake-panoramic-web-header-.jpg,Quinnland
richardskiara@smith-weaver.com,gkemp,https://randomuser.me/api/portraits/women/41.jpg,$2b$12$Q1PUFjhN/AWRQ21LbGYvjeLpZZB6lfZ1BPwifHALGO6oIbyC3CmJe,Stock power page save.,https://www.holsby.org/wp-content/uploads/2016/06/nature-header.jpg,Port Mary
hobbsbrent@gmail.com,steven85,https://randomuser.me/api/portraits/women/89.jpg,$2b$12$Q1PUFjhN/AWRQ21LbGYvjeLpZZB6lfZ1BPwifHALGO6oIbyC3CmJe,Easy could for this certain.,https://pbs.twimg.com/media/CMwbm6nWgAACZ3T?format=jpg&name=900x900,Mariaview
tracey83@gmail.com,acurtis,https://randomuser.me/api/portraits/women/57.jpg,$2b$12$Q1PUFjhN/AWRQ21LbGYvjeLpZZB6lfZ1BPwifHALGO6oIbyC3CmJe,Late crime out turn.,https://www.mhe-sme.org/wp-content/uploads/2021/01/nature-header.png,Lake Stephanie
vrichardson@hotmail.com,michael58,https://randomuser.me/api/portraits/men/50.jpg,$2b$12$Q1PUFjhN/AWRQ21LbGYvjeLpZZB6lfZ1BPwifHALGO6oIbyC3CmJe,Fire official than serious water occur choose.,https://pbs.twimg.com/media/CMwbm6nWgAACZ3T?format=jpg&name=900x900,Victoriatown
aguirregregory@yahoo.com,stanleymiranda,https://randomuser.me/api/portraits/men/95.jpg,$2b$12$Q1PUFjhN/AWRQ21LbGYvjeLpZZB6lfZ1BPwifHALGO6oIbyC3CmJe,Decade happy rate season positive.,https://forwardsummit.ca/wp-content/uploads/2018/10/plane-header.jpg,Russellland
schmidtjennifer@hotmail.com,kimberlynguyen,https://randomuser.me/api/portraits/women/85.jpg,$2b$12$Q1PUFjhN/AWRQ21LbGYvjeLpZZB6lfZ1BPwifHALGO6oIbyC3CmJe,Individual they color industry any simply.,https://www.holsby.org/wp-content/uploads/2016/06/nature-header.jpg,Lake Robert
valerie06@yahoo.com,deborah08,https://randomuser.me/api/portraits/men/47.jpg,$2b$12$Q1PUFjhN/AWRQ21LbGYvjeLpZZB6lfZ1BPwifHALGO6oIbyC3CmJe,Choice case suffer language early onto increase.,https://www.freewebheaders.com/wp-content/gallery/mountains-snow/snow-mountains-blue-sky-and-lake-panoramic-web-header-.jpg,Lake Theodoreview
xbentley@yahoo.com,smithbradley,https://randomuser.me/api/portraits/women/79.jpg,$2b$12$Q1PUFjhN/AWRQ21LbGYvjeLpZZB6lfZ1BPwifHALGO6oIbyC3CmJe,Because star nice bit.,https://www.mhe-sme.org/wp-content/uploads/2021/01/nature-header.png,South Nathanport
angelasims@gonzalez.com,amandacurtis,https://randomuser.me/api/portraits/women/94.jpg,$2b$12$Q1PUFjhN/AWRQ21LbGYvjeLpZZB6lfZ1BPwifHALGO6oIbyC3CmJe,Choose community easy site enough.,https://www.freewebheaders.com/wp-content/gallery/mountains-snow/snow-mountains-blue-sky-and-lake-panoramic-web-header-.jpg,Port Eric
ericsims@hotmail.com,alyssa42,https://randomuser.me/api/portraits/men/99.jpg,$2b$12$Q1PUFjhN/AWRQ21LbGYvjeLpZZB6lfZ1BPwifHALGO6oIbyC3CmJe,Quite beyond second recent.,https://pbs.twimg.com/media/CMwbm6nWgAACZ3T?format=jpg&name=900x900,North Erica
jenningsstephanie@martin.biz,lori93,https://randomuser.me/api/portraits/women/41.jpg,$2b$12$Q1PUFjhN/AWRQ21LbGYvjeLpZZB6lfZ1BPwifHALGO6oIbyC3CmJe,Piece successful reflect themselves see somebody commercial.,https://www.freewebheaders.com/wp-content/gallery/mountains-snow/snow-mountains-blue-sky-and-lake-panoramic-web-header-.jpg,Briggsfort
meredith18@byrd.org,danielcolleen,https://randomuser.me/api/portraits/women/66.jpg,$2b$12$Q1PUFjhN/AWRQ21LbGYvjeLpZZB6lfZ1BPwifHALGO6oIbyC3CmJe,Face simply pick.,https://forwardsummit.ca/wp-content/uploads/2018/10/plane-header.jpg,Adamborough
sanderschelsea@yahoo.com,fflores,https://randomuser.me/api/portraits/men/56.jpg,$2b$12$Q1PUFjhN/AWRQ21LbGYvjeLpZZB6lfZ1BPwifHALGO6oIbyC3CmJe,Large industry choice first.,https://pbs.twimg.com/media/CMwbm6nWgAACZ3T?format=jpg&name=900x900,Danaview
drivera@gmail.com,hudsonnicholas,https://randomuser.me/api/portraits/women/77.jpg,$2b$12$Q1PUFjhN/AWRQ21LbGYvjeLpZZB6lfZ1BPwifHALGO6oIbyC3CmJe,Coach check our future.,https://www.freewebheaders.com/wp-content/gallery/mountains-snow/snow-mountains-blue-sky-and-lake-panoramic-web-header-.jpg,New Sandra
gomezteresa@hutchinson-lozano.com,wmeyers,https://randomuser.me/api/portraits/men/71.jpg,$2b$12$Q1PUFjhN/AWRQ21LbGYvjeLpZZB6lfZ1BPwifHALGO6oIbyC3CmJe,Imagine land common child political wide.,https://neurotechx.github.io/studentclubs/images/unsplash_brooklyn-bridge_header.jpg,Kennethmouth
carrolljason@johnson.com,sandra33,https://randomuser.me/api/portraits/men/96.jpg,$2b$12$Q1PUFjhN/AWRQ21LbGYvjeLpZZB6lfZ1BPwifHALGO6oIbyC3CmJe,Draw available already music perhaps everyone claim.,https://www.mhe-sme.org/wp-content/uploads/2021/01/nature-header.png,West Paul
brian17@hotmail.com,anna10,https://randomuser.me/api/portraits/women/11.jpg,$2b$12$Q1PUFjhN/AWRQ21LbGYvjeLpZZB6lfZ1BPwifHALGO6oIbyC3CmJe,To teacher attention.,https://pbs.twimg.com/media/CMwbm6nWgAACZ3T?format=jpg&name=900x900,Tinachester
dawnharper@mccarty-odonnell.info,millerbrent,https://randomuser.me/api/portraits/women/21.jpg,$2b$12$Q1PUFjhN/AWRQ21LbGYvjeLpZZB6lfZ1BPwifHALGO6oIbyC3CmJe,Vote oil see necessary.,https://pbs.twimg.com/media/CMwbm6nWgAACZ3T?format=jpg&name=900x900,Burkeland
ghunter@gmail.com,nicolejordan,https://randomuser.me/api/portraits/men/13.jpg,$2b$12$Q1PUFjhN/AWRQ21LbGYvjeLpZZB6lfZ1BPwifHALGO6oIbyC3CmJe,Modern lose involve government run us and must.,https://www.mhe-sme.org/wp-content/uploads/2021/01/nature-header.png,Lake Louis
daniel03@christensen.com,elizabethbaker,https://randomuser.me/api/portraits/men/38.jpg,$2b$12$Q1PUFjhN/AWRQ21LbGYvjeLpZZB6lfZ1BPwifHALGO6oIbyC3CmJe,More listen meet interview.,https://www.mhe-sme.org/wp-content/uploads/2021/01/nature-header.png,Hillfort
laurenhunter@hotmail.com,whayes,https://randomuser.me/api/portraits/women/13.jpg,$2b$12$Q1PUFjhN/AWRQ21LbGYvjeLpZZB6lfZ1BPwifHALGO6oIbyC3CmJe,Player step turn present.,https://www.mhe-sme.org/wp-content/uploads/2021/01/nature-header.png,Turnerberg
kenneth57@nielsen.com,andrew95,https://randomuser.me/api/portraits/men/15.jpg,$2b$12$Q1PUFjhN/AWRQ21LbGYvjeLpZZB6lfZ1BPwifHALGO6oIbyC3CmJe,Skill notice choose.,https://pbs.twimg.com/media/CMwbm6nWgAACZ3T?format=jpg&name=900x900,Sandrachester
michael66@thomas.net,theresa10,https://randomuser.me/api/portraits/men/0.jpg,$2b$12$Q1PUFjhN/AWRQ21LbGYvjeLpZZB6lfZ1BPwifHALGO6oIbyC3CmJe,Fast population individual total someone drug.,https://www.mhe-sme.org/wp-content/uploads/2021/01/nature-header.png,Laurenview
jillnorman@yahoo.com,tammyfigueroa,https://randomuser.me/api/portraits/men/62.jpg,$2b$12$Q1PUFjhN/AWRQ21LbGYvjeLpZZB6lfZ1BPwifHALGO6oIbyC3CmJe,Get attack eye.,https://neurotechx.github.io/studentclubs/images/unsplash_brooklyn-bridge_header.jpg,Robertmouth
twalls@gmail.com,alexandra68,https://randomuser.me/api/portraits/men/80.jpg,$2b$12$Q1PUFjhN/AWRQ21LbGYvjeLpZZB6lfZ1BPwifHALGO6oIbyC3CmJe,Entire great value while weight process.,https://www.freewebheaders.com/wp-content/gallery/mountains-snow/snow-mountains-blue-sky-and-lake-panoramic-web-header-.jpg,Stevenfort
russellheather@yahoo.com,mjames,https://randomuser.me/api/portraits/men/67.jpg,$2b$12$Q1PUFjhN/AWRQ21LbGYvjeLpZZB6lfZ1BPwifHALGO6oIbyC3CmJe,Cause reason case travel.,https://www.mhe-sme.org/wp-content/uploads/2021/01/nature-header.png,East Ana
llevy@gmail.com,michaelperez,https://randomuser.me/api/portraits/women/29.jpg,$2b$12$Q1PUFjhN/AWRQ21LbGYvjeLpZZB6lfZ1BPwifHALGO6oIbyC3CmJe,Popular something general cause affect material deep.,https://www.holsby.org/wp-content/uploads/2016/06/nature-header.jpg,West Gary
fbauer@terry-kim.biz,ununez,https://randomuser.me/api/portraits/women/60.jpg,$2b$12$Q1PUFjhN/AWRQ21LbGYvjeLpZZB6lfZ1BPwifHALGO6oIbyC3CmJe,Realize enough move future their town.,https://www.holsby.org/wp-content/uploads/2016/06/nature-header.jpg,North Emilymouth
contrerasdavid@yahoo.com,dhenson,https://randomuser.me/api/portraits/men/80.jpg,$2b$12$Q1PUFjhN/AWRQ21LbGYvjeLpZZB6lfZ1BPwifHALGO6oIbyC3CmJe,Senior exactly son I.,https://www.mhe-sme.org/wp-content/uploads/2021/01/nature-header.png,Port Gary
isanchez@yahoo.com,perrychristopher,https://randomuser.me/api/portraits/women/18.jpg,$2b$12$Q1PUFjhN/AWRQ21LbGYvjeLpZZB6lfZ1BPwifHALGO6oIbyC3CmJe,Television affect a Democrat reduce establish glass.,https://pbs.twimg.com/media/CMwbm6nWgAACZ3T?format=jpg&name=900x900,Lake Rebecca
austinthomas@yahoo.com,dsandoval,https://randomuser.me/api/portraits/men/24.jpg,$2b$12$Q1PUFjhN/AWRQ21LbGYvjeLpZZB6lfZ1BPwifHALGO6oIbyC3CmJe,Project return wait something right his small whatever.,https://www.freewebheaders.com/wp-content/gallery/mountains-snow/snow-mountains-blue-sky-and-lake-panoramic-web-header-.jpg,West Johnnyshire
kelly46@hotmail.com,jasminewallace,https://randomuser.me/api/portraits/women/54.jpg,$2b$12$Q1PUFjhN/AWRQ21LbGYvjeLpZZB6lfZ1BPwifHALGO6oIbyC3CmJe,Focus rule whatever administration explain reduce.,https://www.freewebheaders.com/wp-content/gallery/mountains-snow/snow-mountains-blue-sky-and-lake-panoramic-web-header-.jpg,Port Rhonda
roblessusan@hotmail.com,johnsonguy,https://randomuser.me/api/portraits/men/89.jpg,$2b$12$Q1PUFjhN/AWRQ21LbGYvjeLpZZB6lfZ1BPwifHALGO6oIbyC3CmJe,Level under doctor.,https://www.holsby.org/wp-content/uploads/2016/06/nature-header.jpg,Lake Jenniferborough
lsanders@hotmail.com,xbeard,https://randomuser.me/api/portraits/women/38.jpg,$2b$12$Q1PUFjhN/AWRQ21LbGYvjeLpZZB6lfZ1BPwifHALGO6oIbyC3CmJe,Yourself personal return a understand big.,https://www.freewebheaders.com/wp-content/gallery/mountains-snow/snow-mountains-blue-sky-and-lake-panoramic-web-header-.jpg,East Kimberlyland
jwebb@hotmail.com,justin67,https://randomuser.me/api/portraits/women/75.jpg,$2b$12$Q1PUFjhN/AWRQ21LbGYvjeLpZZB6lfZ1BPwifHALGO6oIbyC3CmJe,Another I how give.,https://forwardsummit.ca/wp-content/uploads/2018/10/plane-header.jpg,West Taylor
jennifer39@yahoo.com,carlos65,https://randomuser.me/api/portraits/men/62.jpg,$2b$12$Q1PUFjhN/AWRQ21LbGYvjeLpZZB6lfZ1BPwifHALGO6oIbyC3CmJe,Particularly customer they everybody option goal investment.,https://neurotechx.github.io/studentclubs/images/unsplash_brooklyn-bridge_header.jpg,West Lauraview
james08@hotmail.com,jameslong,https://randomuser.me/api/portraits/women/7.jpg,$2b$12$Q1PUFjhN/AWRQ21LbGYvjeLpZZB6lfZ1BPwifHALGO6oIbyC3CmJe,Brother again identify sing approach program.,https://pbs.twimg.com/media/CMwbm6nWgAACZ3T?format=jpg&name=900x900,South Richard
andrewross@yahoo.com,qosborne,https://randomuser.me/api/portraits/men/15.jpg,$2b$12$Q1PUFjhN/AWRQ21LbGYvjeLpZZB6lfZ1BPwifHALGO6oIbyC3CmJe,Money participant push hard.,https://www.freewebheaders.com/wp-content/gallery/mountains-snow/snow-mountains-blue-sky-and-lake-panoramic-web-header-.jpg,Brianaburgh
paulnorris@hotmail.com,franciscorobinson,https://randomuser.me/api/portraits/women/93.jpg,$2b$12$Q1PUFjhN/AWRQ21LbGYvjeLpZZB6lfZ1BPwifHALGO6oIbyC3CmJe,Box say feel story.,https://www.mhe-sme.org/wp-content/uploads/2021/01/nature-header.png,North Jennifer
xramos@norman-charles.net,kelly75,https://randomuser.me/api/portraits/men/2.jpg,$2b$12$Q1PUFjhN/AWRQ21LbGYvjeLpZZB6lfZ1BPwifHALGO6oIbyC3CmJe,Girl cup then indeed.,https://www.holsby.org/wp-content/uploads/2016/06/nature-header.jpg,Adamsberg
roberthatfield@ortiz.info,mendozachristopher,https://randomuser.me/api/portraits/men/77.jpg,$2b$12$Q1PUFjhN/AWRQ21LbGYvjeLpZZB6lfZ1BPwifHALGO6oIbyC3CmJe,Mother rest surface resource its.,https://forwardsummit.ca/wp-content/uploads/2018/10/plane-header.jpg,Briantown
redwards@jordan.net,cookjeffrey,https://randomuser.me/api/portraits/women/36.jpg,$2b$12$Q1PUFjhN/AWRQ21LbGYvjeLpZZB6lfZ1BPwifHALGO6oIbyC3CmJe,Degree section political live television than.,https://www.mhe-sme.org/wp-content/uploads/2021/01/nature-header.png,North Jennifer
jroberts@henry-fletcher.com,aprilpowers,https://randomuser.me/api/portraits/lego/5.jpg,$2b$12$Q1PUFjhN/AWRQ21LbGYvjeLpZZB6lfZ1BPwifHALGO6oIbyC3CmJe,Second wrong cultural add.,https://neurotechx.github.io/studentclubs/images/unsplash_brooklyn-bridge_header.jpg,West Jefferychester
erin51@ruiz.com,shawnpeterson,https://randomuser.me/api/portraits/women/72.jpg,$2b$12$Q1PUFjhN/AWRQ21LbGYvjeLpZZB6lfZ1BPwifHALGO6oIbyC3CmJe,Future though action.,https://www.mhe-sme.org/wp-content/uploads/2021/01/nature-header.png,Tiffanyburgh
rsmith@yahoo.com,danawilson,https://randomuser.me/api/portraits/men/32.jpg,$2b$12$Q1PUFjhN/AWRQ21LbGYvjeLpZZB6lfZ1BPwifHALGO6oIbyC3CmJe,Support space second work power cause group.,https://www.mhe-sme.org/wp-content/uploads/2021/01/nature-header.png,Port Richardmouth
lrivera@yahoo.com,gboyer,https://randomuser.me/api/portraits/men/95.jpg,$2b$12$Q1PUFjhN/AWRQ21LbGYvjeLpZZB6lfZ1BPwifHALGO6oIbyC3CmJe,Accept theory Republican training politics.,https://pbs.twimg.com/media/CMwbm6nWgAACZ3T?format=jpg&name=900x900,Gordonmouth
qcarrillo@hotmail.com,uhiggins,https://randomuser.me/api/portraits/men/2.jpg,$2b$12$Q1PUFjhN/AWRQ21LbGYvjeLpZZB6lfZ1BPwifHALGO6oIbyC3CmJe,Smile possible key fire interview provide training challenge.,https://www.freewebheaders.com/wp-content/gallery/mountains-snow/snow-mountains-blue-sky-and-lake-panoramic-web-header-.jpg,Katiemouth
kristincook@gmail.com,carlosmoreno,https://randomuser.me/api/portraits/women/45.jpg,$2b$12$Q1PUFjhN/AWRQ21LbGYvjeLpZZB6lfZ1BPwifHALGO6oIbyC3CmJe,Key certainly person short.,https://forwardsummit.ca/wp-content/uploads/2018/10/plane-header.jpg,West Mark
lisa95@blankenship-bowman.com,vgarcia,https://randomuser.me/api/portraits/women/2.jpg,$2b$12$Q1PUFjhN/AWRQ21LbGYvjeLpZZB6lfZ1BPwifHALGO6oIbyC3CmJe,Prevent baby among interview well three Congress and.,https://forwardsummit.ca/wp-content/uploads/2018/10/plane-header.jpg,East Sally
scottbrewer@williams.com,haynesjacob,https://randomuser.me/api/portraits/men/27.jpg,$2b$12$Q1PUFjhN/AWRQ21LbGYvjeLpZZB6lfZ1BPwifHALGO6oIbyC3CmJe,Health face argue help method candidate music body.,https://pbs.twimg.com/media/CMwbm6nWgAACZ3T?format=jpg&name=900x900,Lake Zacharybury
cjones@hotmail.com,jeffreyvaldez,https://randomuser.me/api/portraits/women/36.jpg,$2b$12$Q1PUFjhN/AWRQ21LbGYvjeLpZZB6lfZ1BPwifHALGO6oIbyC3CmJe,Special executive growth identify direction eight.,https://pbs.twimg.com/media/CMwbm6nWgAACZ3T?format=jpg&name=900x900,Valerieport
warrengary@navarro-jenkins.com,pwilliams,https://randomuser.me/api/portraits/men/84.jpg,$2b$12$Q1PUFjhN/AWRQ21LbGYvjeLpZZB6lfZ1BPwifHALGO6oIbyC3CmJe,Fine fear require especially keep affect.,https://forwardsummit.ca/wp-content/uploads/2018/10/plane-header.jpg,Lake Rubenton
jsexton@barnes.com,potterrichard,https://randomuser.me/api/portraits/women/38.jpg,$2b$12$Q1PUFjhN/AWRQ21LbGYvjeLpZZB6lfZ1BPwifHALGO6oIbyC3CmJe,Pretty large the general political sport mouth.,https://www.holsby.org/wp-content/uploads/2016/06/nature-header.jpg,Port Melissaview
colleencherry@hotmail.com,xstark,https://randomuser.me/api/portraits/men/78.jpg,$2b$12$Q1PUFjhN/AWRQ21LbGYvjeLpZZB6lfZ1BPwifHALGO6oIbyC3CmJe,Student hot you social along.,https://neurotechx.github.io/studentclubs/images/unsplash_brooklyn-bridge_header.jpg,Wareborough
dwilliams@torres-jacobs.com,emcfarland,https://randomuser.me/api/portraits/women/3.jpg,$2b$12$Q1PUFjhN/AWRQ21LbGYvjeLpZZB6lfZ1BPwifHALGO6oIbyC3CmJe,Above response then team chance.,https://forwardsummit.ca/wp-content/uploads/2018/10/plane-header.jpg,Andrewfort
zacharyrandolph@williams.info,jonesmichael,https://randomuser.me/api/portraits/men/64.jpg,$2b$12$Q1PUFjhN/AWRQ21LbGYvjeLpZZB6lfZ1BPwifHALGO6oIbyC3CmJe,Me through draw television response.,https://pbs.twimg.com/media/CMwbm6nWgAACZ3T?format=jpg&name=900x900,Tammychester
zwarner@gmail.com,timothysmith,https://randomuser.me/api/portraits/men/37.jpg,$2b$12$Q1PUFjhN/AWRQ21LbGYvjeLpZZB6lfZ1BPwifHALGO6oIbyC3CmJe,Trip example save option pressure event.,https://www.holsby.org/wp-content/uploads/2016/06/nature-header.jpg,Loristad
wayne69@thomas.info,uroberts,https://randomuser.me/api/portraits/men/82.jpg,$2b$12$Q1PUFjhN/AWRQ21LbGYvjeLpZZB6lfZ1BPwifHALGO6oIbyC3CmJe,Star dinner born.,https://neurotechx.github.io/studentclubs/images/unsplash_brooklyn-bridge_header.jpg,Port Manuel
brownkristen@hotmail.com,barbaraspencer,https://randomuser.me/api/portraits/women/12.jpg,$2b$12$Q1PUFjhN/AWRQ21LbGYvjeLpZZB6lfZ1BPwifHALGO6oIbyC3CmJe,Involve ground less source wear.,https://www.freewebheaders.com/wp-content/gallery/mountains-snow/snow-mountains-blue-sky-and-lake-panoramic-web-header-.jpg,Port Emily
johnsoncarmen@price.com,candacemonroe,https://randomuser.me/api/portraits/men/64.jpg,$2b$12$Q1PUFjhN/AWRQ21LbGYvjeLpZZB6lfZ1BPwifHALGO6oIbyC3CmJe,Benefit say attorney field.,https://pbs.twimg.com/media/CMwbm6nWgAACZ3T?format=jpg&name=900x900,West Kristi
stacy57@rodriguez.com,wbaldwin,https://randomuser.me/api/portraits/women/88.jpg,$2b$12$Q1PUFjhN/AWRQ21LbGYvjeLpZZB6lfZ1BPwifHALGO6oIbyC3CmJe,Attention ahead culture anyone.,https://neurotechx.github.io/studentclubs/images/unsplash_brooklyn-bridge_header.jpg,New Gwendolyn
lreed@garrett.info,wmccall,https://randomuser.me/api/portraits/women/6.jpg,$2b$12$Q1PUFjhN/AWRQ21LbGYvjeLpZZB6lfZ1BPwifHALGO6oIbyC3CmJe,Style tonight type offer candidate town.,https://www.freewebheaders.com/wp-content/gallery/mountains-snow/snow-mountains-blue-sky-and-lake-panoramic-web-header-.jpg,Lisaville
maddenerin@martinez-cruz.org,garzatammy,https://randomuser.me/api/portraits/men/81.jpg,$2b$12$Q1PUFjhN/AWRQ21LbGYvjeLpZZB6lfZ1BPwifHALGO6oIbyC3CmJe,Myself since sometimes.,https://neurotechx.github.io/studentclubs/images/unsplash_brooklyn-bridge_header.jpg,Meganfurt
kathrynroth@gmail.com,natalie70,https://randomuser.me/api/portraits/women/31.jpg,$2b$12$Q1PUFjhN/AWRQ21LbGYvjeLpZZB6lfZ1BPwifHALGO6oIbyC3CmJe,Everyone official approach material.,https://pbs.twimg.com/media/CMwbm6nWgAACZ3T?format=jpg&name=900x900,East Darrylberg
susan16@shaw.com,richardwillis,https://randomuser.me/api/portraits/men/15.jpg,$2b$12$Q1PUFjhN/AWRQ21LbGYvjeLpZZB6lfZ1BPwifHALGO6oIbyC3CmJe,Nor different often now.,https://www.mhe-sme.org/wp-content/uploads/2021/01/nature-header.png,Port Marisaburgh
jeanne50@myers.com,xpalmer,https://randomuser.me/api/portraits/women/41.jpg,$2b$12$Q1PUFjhN/AWRQ21LbGYvjeLpZZB6lfZ1BPwifHALGO6oIbyC3CmJe,Quality money a development put hour majority.,https://www.holsby.org/wp-content/uploads/2016/06/nature-header.jpg,Barbaratown
kristine99@gmail.com,qcastro,https://randomuser.me/api/portraits/women/14.jpg,$2b$12$Q1PUFjhN/AWRQ21LbGYvjeLpZZB6lfZ1BPwifHALGO6oIbyC3CmJe,Movie reach seem friend.,https://pbs.twimg.com/media/CMwbm6nWgAACZ3T?format=jpg&name=900x900,West Carmen
johnstonchristopher@hotmail.com,amandabryant,https://randomuser.me/api/portraits/men/39.jpg,$2b$12$Q1PUFjhN/AWRQ21LbGYvjeLpZZB6lfZ1BPwifHALGO6oIbyC3CmJe,Travel cell season campaign worker according.,https://forwardsummit.ca/wp-content/uploads/2018/10/plane-header.jpg,Elizabethborough
cory97@gmail.com,hickmansarah,https://randomuser.me/api/portraits/lego/3.jpg,$2b$12$Q1PUFjhN/AWRQ21LbGYvjeLpZZB6lfZ1BPwifHALGO6oIbyC3CmJe,Dog picture drive but dark.,https://pbs.twimg.com/media/CMwbm6nWgAACZ3T?format=jpg&name=900x900,West Linda
trevor78@fletcher-gordon.net,stonemarcus,https://randomuser.me/api/portraits/women/34.jpg,$2b$12$Q1PUFjhN/AWRQ21LbGYvjeLpZZB6lfZ1BPwifHALGO6oIbyC3CmJe,Watch rule operation might act.,https://forwardsummit.ca/wp-content/uploads/2018/10/plane-header.jpg,East Loriview
david89@williams.com,moorenatasha,https://randomuser.me/api/portraits/lego/0.jpg,$2b$12$Q1PUFjhN/AWRQ21LbGYvjeLpZZB6lfZ1BPwifHALGO6oIbyC3CmJe,Leg line yeah more like.,https://www.freewebheaders.com/wp-content/gallery/mountains-snow/snow-mountains-blue-sky-and-lake-panoramic-web-header-.jpg,West Joseph
gardnerbryan@brown.com,hbass,https://randomuser.me/api/portraits/men/7.jpg,$2b$12$Q1PUFjhN/AWRQ21LbGYvjeLpZZB6lfZ1BPwifHALGO6oIbyC3CmJe,Find word I thought half.,https://www.freewebheaders.com/wp-content/gallery/mountains-snow/snow-mountains-blue-sky-and-lake-panoramic-web-header-.jpg,West Williamborough
samantha97@logan.biz,emma53,https://randomuser.me/api/portraits/women/79.jpg,$2b$12$Q1PUFjhN/AWRQ21LbGYvjeLpZZB6lfZ1BPwifHALGO6oIbyC3CmJe,Effect available keep price everything.,https://www.freewebheaders.com/wp-content/gallery/mountains-snow/snow-mountains-blue-sky-and-lake-panoramic-web-header-.jpg,Coreybury
shammond@gmail.com,ambersmith,https://randomuser.me/api/portraits/women/83.jpg,$2b$12$Q1PUFjhN/AWRQ21LbGYvjeLpZZB6lfZ1BPwifHALGO6oIbyC3CmJe,Current true tonight whole.,https://forwardsummit.ca/wp-content/uploads/2018/10/plane-header.jpg,Marcusview
timothy88@velasquez.net,christopher35,https://randomuser.me/api/portraits/men/1.jpg,$2b$12$Q1PUFjhN/AWRQ21LbGYvjeLpZZB6lfZ1BPwifHALGO6oIbyC3CmJe,Agreement population training exist painting data this.,https://pbs.twimg.com/media/CMwbm6nWgAACZ3T?format=jpg&name=900x900,Robertton
nmccormick@lucas-knox.net,samuelferguson,https://randomuser.me/api/portraits/men/45.jpg,$2b$12$Q1PUFjhN/AWRQ21LbGYvjeLpZZB6lfZ1BPwifHALGO6oIbyC3CmJe,Total approach life generation issue since.,https://www.holsby.org/wp-content/uploads/2016/06/nature-header.jpg,Smithmouth
nbarrett@hotmail.com,qferguson,https://randomuser.me/api/portraits/men/11.jpg,$2b$12$Q1PUFjhN/AWRQ21LbGYvjeLpZZB6lfZ1BPwifHALGO6oIbyC3CmJe,Point into practice character main.,https://pbs.twimg.com/media/CMwbm6nWgAACZ3T?format=jpg&name=900x900,Christinechester
danieltyler@hotmail.com,ashley72,https://randomuser.me/api/portraits/men/82.jpg,$2b$12$Q1PUFjhN/AWRQ21LbGYvjeLpZZB6lfZ1BPwifHALGO6oIbyC3CmJe,Same role main.,https://www.mhe-sme.org/wp-content/uploads/2021/01/nature-header.png,Cunninghamberg
uarmstrong@kelly-perkins.com,stephenshaffer,https://randomuser.me/api/portraits/men/57.jpg,$2b$12$Q1PUFjhN/AWRQ21LbGYvjeLpZZB6lfZ1BPwifHALGO6oIbyC3CmJe,Wife over expect major support while exactly.,https://neurotechx.github.io/studentclubs/images/unsplash_brooklyn-bridge_header.jpg,Duncanfort
dianegordon@wilcox-lozano.biz,kellymichael,https://randomuser.me/api/portraits/men/2.jpg,$2b$12$Q1PUFjhN/AWRQ21LbGYvjeLpZZB6lfZ1BPwifHALGO6oIbyC3CmJe,Control herself investment myself good.,https://www.holsby.org/wp-content/uploads/2016/06/nature-header.jpg,South Catherine
kaitlynsullivan@ramirez.com,jeffery59,https://randomuser.me/api/portraits/women/50.jpg,$2b$12$Q1PUFjhN/AWRQ21LbGYvjeLpZZB6lfZ1BPwifHALGO6oIbyC3CmJe,His religious cultural million.,https://pbs.twimg.com/media/CMwbm6nWgAACZ3T?format=jpg&name=900x900,Matthewborough
smithdeborah@yahoo.com,joshua11,https://randomuser.me/api/portraits/women/4.jpg,$2b$12$Q1PUFjhN/AWRQ21LbGYvjeLpZZB6lfZ1BPwifHALGO6oIbyC3CmJe,Possible star build across.,https://pbs.twimg.com/media/CMwbm6nWgAACZ3T?format=jpg&name=900x900,Andreaberg
jonesmark@sullivan.com,stacy67,https://randomuser.me/api/portraits/women/37.jpg,$2b$12$Q1PUFjhN/AWRQ21LbGYvjeLpZZB6lfZ1BPwifHALGO6oIbyC3CmJe,But research want always move grow television manage.,https://www.freewebheaders.com/wp-content/gallery/mountains-snow/snow-mountains-blue-sky-and-lake-panoramic-web-header-.jpg,Ricardostad
ashleylane@gmail.com,cedwards,https://randomuser.me/api/portraits/men/86.jpg,$2b$12$Q1PUFjhN/AWRQ21LbGYvjeLpZZB6lfZ1BPwifHALGO6oIbyC3CmJe,Speech political difference.,https://www.mhe-sme.org/wp-content/uploads/2021/01/nature-header.png,Pamelachester
henryrobert@hotmail.com,rfisher,https://randomuser.me/api/portraits/men/91.jpg,$2b$12$Q1PUFjhN/AWRQ21LbGYvjeLpZZB6lfZ1BPwifHALGO6oIbyC3CmJe,Economic scientist member fund everything save weight.,https://www.holsby.org/wp-content/uploads/2016/06/nature-header.jpg,South Vanessa
marie18@gmail.com,davidbarron,https://randomuser.me/api/portraits/women/91.jpg,$2b$12$Q1PUFjhN/AWRQ21LbGYvjeLpZZB6lfZ1BPwifHALGO6oIbyC3CmJe,Popular ago do subject.,https://www.freewebheaders.com/wp-content/gallery/mountains-snow/snow-mountains-blue-sky-and-lake-panoramic-web-header-.jpg,Alvarezmouth
nicholascraig@sanders.com,carolinemccall,https://randomuser.me/api/portraits/men/19.jpg,$2b$12$Q1PUFjhN/AWRQ21LbGYvjeLpZZB6lfZ1BPwifHALGO6oIbyC3CmJe,Poor her around project company.,https://www.mhe-sme.org/wp-content/uploads/2021/01/nature-header.png,Port Nancyland
lclark@gmail.com,hudsoncaitlyn,https://randomuser.me/api/portraits/women/68.jpg,$2b$12$Q1PUFjhN/AWRQ21LbGYvjeLpZZB6lfZ1BPwifHALGO6oIbyC3CmJe,Modern quality clearly design.,https://forwardsummit.ca/wp-content/uploads/2018/10/plane-header.jpg,North Kim
hamiltonzachary@schultz-price.com,tinaroman,https://randomuser.me/api/portraits/women/43.jpg,$2b$12$Q1PUFjhN/AWRQ21LbGYvjeLpZZB6lfZ1BPwifHALGO6oIbyC3CmJe,Wall from indeed general hot.,https://www.mhe-sme.org/wp-content/uploads/2021/01/nature-header.png,West Danny
jordanjohnson@yahoo.com,angela60,https://randomuser.me/api/portraits/women/97.jpg,$2b$12$Q1PUFjhN/AWRQ21LbGYvjeLpZZB6lfZ1BPwifHALGO6oIbyC3CmJe,Time sing ground result feeling do.,https://forwardsummit.ca/wp-content/uploads/2018/10/plane-header.jpg,Dawnmouth
lindahamilton@yahoo.com,alexis22,https://randomuser.me/api/portraits/men/9.jpg,$2b$12$Q1PUFjhN/AWRQ21LbGYvjeLpZZB6lfZ1BPwifHALGO6oIbyC3CmJe,Military relationship fly the within.,https://www.mhe-sme.org/wp-content/uploads/2021/01/nature-header.png,Millerfort
hmurphy@nelson.info,kristine01,https://randomuser.me/api/portraits/women/47.jpg,$2b$12$Q1PUFjhN/AWRQ21LbGYvjeLpZZB6lfZ1BPwifHALGO6oIbyC3CmJe,Forward statement truth method goal.,https://forwardsummit.ca/wp-content/uploads/2018/10/plane-header.jpg,Port Christineberg
robertshaw@ramsey.com,lindagiles,https://randomuser.me/api/portraits/women/12.jpg,$2b$12$Q1PUFjhN/AWRQ21LbGYvjeLpZZB6lfZ1BPwifHALGO6oIbyC3CmJe,Leg case already drive way dinner.,https://forwardsummit.ca/wp-content/uploads/2018/10/plane-header.jpg,East Lisaland
pamela47@dennis.com,seanhaney,https://randomuser.me/api/portraits/women/64.jpg,$2b$12$Q1PUFjhN/AWRQ21LbGYvjeLpZZB6lfZ1BPwifHALGO6oIbyC3CmJe,Record wrong investment around role right.,https://neurotechx.github.io/studentclubs/images/unsplash_brooklyn-bridge_header.jpg,Lake Austinstad
morenoshawn@monroe.com,rebecca73,https://randomuser.me/api/portraits/women/37.jpg,$2b$12$Q1PUFjhN/AWRQ21LbGYvjeLpZZB6lfZ1BPwifHALGO6oIbyC3CmJe,Wind consumer fund describe place edge ahead attack.,https://forwardsummit.ca/wp-content/uploads/2018/10/plane-header.jpg,Haleychester
lorrainejohnson@gallagher-underwood.com,jerryanderson,https://randomuser.me/api/portraits/men/17.jpg,$2b$12$Q1PUFjhN/AWRQ21LbGYvjeLpZZB6lfZ1BPwifHALGO6oIbyC3CmJe,Her deep account step seat.,https://forwardsummit.ca/wp-content/uploads/2018/10/plane-header.jpg,New Keith
williamsmith@johnson.info,melaniewagner,https://randomuser.me/api/portraits/women/73.jpg,$2b$12$Q1PUFjhN/AWRQ21LbGYvjeLpZZB6lfZ1BPwifHALGO6oIbyC3CmJe,Continue coach professional the rock suffer teacher.,https://www.freewebheaders.com/wp-content/gallery/mountains-snow/snow-mountains-blue-sky-and-lake-panoramic-web-header-.jpg,East Kellyburgh
freid@griffin.com,tholloway,https://randomuser.me/api/portraits/women/30.jpg,$2b$12$Q1PUFjhN/AWRQ21LbGYvjeLpZZB6lfZ1BPwifHALGO6oIbyC3CmJe,Soon lead artist and.,https://pbs.twimg.com/media/CMwbm6nWgAACZ3T?format=jpg&name=900x900,Connieburgh
rossshirley@williams.com,thompsonmelanie,https://randomuser.me/api/portraits/men/34.jpg,$2b$12$Q1PUFjhN/AWRQ21LbGYvjeLpZZB6lfZ1BPwifHALGO6oIbyC3CmJe,Bank nothing factor.,https://www.holsby.org/wp-content/uploads/2016/06/nature-header.jpg,Rogerton
jmontgomery@yahoo.com,bakerbryan,https://randomuser.me/api/portraits/women/32.jpg,$2b$12$Q1PUFjhN/AWRQ21LbGYvjeLpZZB6lfZ1BPwifHALGO6oIbyC3CmJe,Stand national describe politics fear watch her surface.,https://www.holsby.org/wp-content/uploads/2016/06/nature-header.jpg,New Jenniferhaven
sharon35@hotmail.com,alexandraguerra,https://randomuser.me/api/portraits/men/57.jpg,$2b$12$Q1PUFjhN/AWRQ21LbGYvjeLpZZB6lfZ1BPwifHALGO6oIbyC3CmJe,Beautiful green whole professor determine.,https://pbs.twimg.com/media/CMwbm6nWgAACZ3T?format=jpg&name=900x900,East Kevin
debra71@hotmail.com,martinbates,https://randomuser.me/api/portraits/men/60.jpg,$2b$12$Q1PUFjhN/AWRQ21LbGYvjeLpZZB6lfZ1BPwifHALGO6oIbyC3CmJe,Media herself away free design build finish.,https://forwardsummit.ca/wp-content/uploads/2018/10/plane-header.jpg,Andreaville
caseywalker@owens.com,stephaniepage,https://randomuser.me/api/portraits/men/99.jpg,$2b$12$Q1PUFjhN/AWRQ21LbGYvjeLpZZB6lfZ1BPwifHALGO6oIbyC3CmJe,Attack factor until city.,https://www.mhe-sme.org/wp-content/uploads/2021/01/nature-header.png,New Julia
cindybrooks@nelson.com,qpayne,https://randomuser.me/api/portraits/men/7.jpg,$2b$12$Q1PUFjhN/AWRQ21LbGYvjeLpZZB6lfZ1BPwifHALGO6oIbyC3CmJe,Follow lay light job nearly fact activity ready.,https://www.freewebheaders.com/wp-content/gallery/mountains-snow/snow-mountains-blue-sky-and-lake-panoramic-web-header-.jpg,Lewisshire
russellrobin@munoz.com,kendra17,https://randomuser.me/api/portraits/lego/0.jpg,$2b$12$Q1PUFjhN/AWRQ21LbGYvjeLpZZB6lfZ1BPwifHALGO6oIbyC3CmJe,Public wrong certain open beyond situation western.,https://neurotechx.github.io/studentclubs/images/unsplash_brooklyn-bridge_header.jpg,Rachelbury
nicholas77@gmail.com,cameronthomas,https://randomuser.me/api/portraits/women/86.jpg,$2b$12$Q1PUFjhN/AWRQ21LbGYvjeLpZZB6lfZ1BPwifHALGO6oIbyC3CmJe,Maybe measure eye present author where.,https://www.freewebheaders.com/wp-content/gallery/mountains-snow/snow-mountains-blue-sky-and-lake-panoramic-web-header-.jpg,North Desireemouth
steven19@yahoo.com,henrymary,https://randomuser.me/api/portraits/men/64.jpg,$2b$12$Q1PUFjhN/AWRQ21LbGYvjeLpZZB6lfZ1BPwifHALGO6oIbyC3CmJe,Eat note red must respond.,https://www.mhe-sme.org/wp-content/uploads/2021/01/nature-header.png,Wallacechester
